점포코드,age_sales,cust_strscount,vip_strscount,sml_salespct,lge_salespct,sml_custport,lge_custport,revisitport,car_regi,f_cnt_grade,f_amt_grade,m_cnt_grade,m_amt_grade,WORK,WK_COUNT,work_e_count,work_l_count,ESSENTIAL,LUXURY,인구증감,제휴사,upperclass,lowclass,purtime,midclass,AVG_PUR,STORE_CNT,SUM,RATE,AGE_REGION_RATE,Y
A1,4.689223385345265,-0.0402562650894053,0.0922238027501185,0.0033605691696851,0.0561536255483632,0.007398923170665,0.0001027118905126,-0.0030069323676114,63801,0,0,-1,0,0.0,-1.0,0.0,-11.0,0.0,0.0,5,1,0.0,0.0,-1,0.0,0,0,0,12,1,1
A12,5.116778551896182,0.026293672248344,-0.1861111111111109,0.0522429034529955,-0.0209772087978258,0.0046844429904002,-0.0001275460535623,0.0206475087440585,195473,0,0,0,0,1.0,-1.0,2.0,-10.0,1.0,1.0,3,1,0.0,0.0,3,46.0,0,0,0,14,1,0
A2,5.380300051282653,-0.0137705590899761,0.0887542087542083,0.0313736715086689,-0.0136184025426202,0.0035142891584539,-2.785347619171612e-05,0.0151705956244347,177518,0,0,0,0,1.0,-2.0,1.0,-10.0,1.0,-1.0,5,1,0.0,1003.0,1,0.0,1,0,0,13,1,0
A20,5.032316243857231,-0.051214441614479,0.0507650217853887,0.0452830969916047,-0.0006134791969316,0.0081947978790084,5.115090158696834e-05,0.0279509655951402,124704,0,0,0,0,1.0,-1.0,1.0,-10.0,1.0,1.0,5,1,0.0,0.0,0,13.0,0,0,0,13,1,0
A24,5.124619547851026,0.0181054663068929,-0.1083158630328444,0.0587533092338,0.0431437275292891,0.0150825228008171,0.0003431436805648,-0.0308357606190025,57200,0,0,-1,0,0.0,-1.0,0.0,-10.0,1.0,1.0,5,1,0.0,0.0,1,0.0,1,0,0,14,1,0
A26,5.654530466924292,0.0056112159636669,0.3611940298507461,0.0078527623054818,-0.0245779854442345,0.0085044953832338,-0.0005276570673969,0.0031463467033817,75070,0,0,-1,0,1.0,0.0,1.0,-9.0,0.0,0.0,5,1,0.0,464.0,0,-13.0,0,-1,-1,12,1,1
A3,5.51285061842313,-0.1520912547528516,-0.4683544303797466,0.060101550045355,-0.0224999010384886,0.013225586966045,-4.933714857379998e-05,0.0152091254752851,72947,-1,0,0,0,1.0,0.0,1.0,-8.0,1.0,0.0,4,1,0.0,0.0,3,0.0,1,0,0,14,1,0
A39,4.162287318749485,-0.0957245724572457,0.5463414634146346,0.0931014576289827,0.028753749572986,0.09368451931942,0.0032792724834464,0.0413591359135913,63240,-1,0,0,1,-1.0,0.0,0.0,-9.0,1.0,1.0,4,1,0.0,0.0,0,0.0,1,-1,0,14,3,1
A5,5.057205940342783,-0.0061660961813898,-0.3357142857142854,0.0715781090750786,-0.0966720956833287,0.0087583474812004,-0.0005765487975301,-0.0397640375792004,95908,-1,0,-1,0,-3.0,0.0,1.0,-10.0,1.0,0.0,4,1,0.0,-449.0,0,0.0,1,-1,0,14,1,0
A9,5.228447308674248,-0.0641095835863541,0.1816849816849819,0.0546200967539391,-0.0253284100241395,0.0193114658515685,-0.0005188594515167,0.0225677680109105,106596,0,0,0,0,2.0,0.0,1.0,-9.0,2.0,-1.0,3,1,0.0,-207.0,-1,0.0,1,-1,0,14,2,0
B1,6.4351436860613305,-0.204670533987803,-1.0,0.3745322902114979,-0.1123224781385589,0.0068452405289748,4.430062531370001e-05,-0.1179532946601219,57605,1,1,0,1,-4.0,0.0,-3.0,-13.0,8.0,0.0,3,2,0.0,-655.0,0,0.0,1,0,0,17,10,0
B10,4.687935058560463,0.114171297809742,-1.371323529411764,0.7620753859638809,-0.2835555454210244,0.009128529618387,-6.258421016759998e-05,0.0191647597254004,103050,-1,0,-1,4,-4.0,0.0,-1.0,-12.0,11.0,1.0,3,2,0.0,1070.0,0,5.0,5,0,2,19,1,0
B11,4.973826519341024,-0.0073451021361412,0.6670168067226889,0.0637309762803034,-0.0222551289921908,0.0008080743698823,6.925611948865166e-05,-0.0148506555325377,72947,0,0,0,0,-1.0,-1.0,-1.0,-12.0,0.0,0.0,4,2,0.0,-93.0,0,0.0,0,-1,0,13,1,1
B12,5.059034621211204,-0.2067628816793894,0.082417582417583,0.1135126037320113,-0.0273481768062765,0.0035599600901392,-0.0001635549070244,-0.0446087786259542,57200,0,0,-1,0,-1.0,0.0,-2.0,-13.0,1.0,-1.0,5,2,0.0,-93.0,1,0.0,0,0,0,14,2,1
B13,4.988790104948315,-0.0251299884086773,-0.2623376623376616,0.1323155195803196,-0.0320618467516629,0.0018065186086984,-1.647617165598168e-05,0.0051001821493624,177518,0,0,0,1,0.0,-2.0,-1.0,-13.0,1.0,1.0,5,2,0.0,-93.0,2,0.0,1,0,0,14,1,0
B14,4.788097114740822,0.0622256031297543,0.0909090909090908,0.0477285026972263,-0.0187255519953879,0.0009936110157452,-3.737611579172547e-05,-0.0088024342534231,72303,0,-1,0,0,0.0,-1.0,-1.0,-12.0,1.0,1.0,4,2,0.0,-143.0,0,0.0,1,0,0,13,1,1
B15,4.791611475698858,-0.103208378048329,-0.4201550387596899,-0.0549260414011352,-0.0132156402911025,-0.0124548533955054,-0.0024461579701414,0.0488842837582799,177518,0,-1,0,0,0.0,0.0,1.0,0.0,-1.0,1.0,5,2,0.0,538.0,0,0.0,0,0,0,12,3,1
B3,5.407528734941131,-0.3408119658119659,0.1818181818181816,-0.0034962250340447,0.0044792542951349,-0.0003006096363425,0.000112762014699,0.0331196581196581,106596,0,-1,0,0,-1.0,0.0,-2.0,-13.0,0.0,0.0,3,2,0.0,-1023.0,0,0.0,0,-1,0,12,2,1
B4,5.505176012048125,0.0472043542800597,-0.3787878787878789,0.0316879040239109,0.0125537794348247,0.0005808312980499,7.741597053400001e-05,0.0183077684314695,72891,0,-1,1,0,-1.0,0.0,-2.0,-12.0,1.0,2.0,5,2,0.0,-1023.0,6,0.0,0,0,0,12,2,1
B41,6.219071796309514,0.0537659508247747,0.1590909090909091,-0.0403187916888659,-0.0150870233609253,-0.0026483464049059,1.7396507226999993e-06,-0.0188297541238717,144451,0,0,0,0,-2.0,0.0,-3.0,-12.0,1.0,-2.0,3,2,0.0,-93.0,-1,0.0,0,0,0,13,2,0
B6,5.042607195032431,-0.0897105778143991,-1.2272727272727284,0.0227539756736315,-0.0056969342242181,0.0004119464236196,-2.9675347308988792e-05,0.0012874652384384,75070,0,0,0,0,0.0,-1.0,-2.0,-14.0,1.0,2.0,5,2,0.0,-93.0,0,0.0,0,0,0,13,1,1
B7,4.823505925491759,0.0878052123458412,-0.0538527032779905,0.0780063461575946,-0.0085299188963232,0.0024026812774433,-2.091336351323486e-06,0.048538435839375,177518,0,0,0,0,0.0,-2.0,-1.0,-13.0,1.0,-2.0,5,2,0.0,-93.0,2,0.0,0,0,0,14,1,0
B8,4.790611224183103,-0.0628197046109511,-0.4978021978021978,0.0814513978356935,-0.0290330536243763,0.0023074824450863,-0.0002136170937721,0.0401657060518731,124704,0,0,0,0,0.0,-1.0,-2.0,-13.0,1.0,0.0,5,2,0.0,-93.0,1,0.0,1,0,0,14,1,1
B9,4.583358011725309,0.0610117689991787,0.2737355811889967,0.4193787278145326,-0.1309397451207594,0.0053625031305881,-7.435470899514971e-06,0.0363835416476598,63801,0,0,0,2,0.0,0.0,-1.0,-13.0,8.0,0.0,5,2,0.0,-93.0,-1,0.0,2,-1,1,17,1,0
C1,4.639122762024947,-0.0661818181818181,-1.0384615384615383,0.1721406600913,-0.110014086327654,0.0006587325568502,-5.4998768494790026e-05,0.076,72947,0,0,-1,0,1.0,0.0,0.0,-14.0,0.0,0.0,4,3,0.0,0.0,0,0.0,1,0,1,15,2,0
C104,1.4232986099179783,0.7268581851345188,3.3666666666666663,0.02437788686246,-0.0153428377948466,0.0011154489682095,-0.0007253061537363,0.1951664386684906,94294,0,0,-1,0,0.0,0.0,0.0,-14.0,0.0,-3.0,6,3,0.0,0.0,7,0.0,0,0,0,14,2,1
C108,5.094246490338492,0.5441595441595442,-0.5,0.0060502649317634,0.0051154444690271,-0.000259741975826,0.0005691479164203,-0.0797720797720797,144451,-1,0,0,0,0.0,0.0,1.0,-14.0,0.0,1.0,3,3,0.0,0.0,-3,0.0,0,0,0,12,2,1
C109,4.508198278939467,-0.3269841269841267,-0.2167832167832166,-0.1122279009874686,0.0669939294002833,-0.000105064047282,-8.108636224880001e-05,0.007936507936508,177518,0,-1,-1,-1,-1.0,-1.0,-1.0,-15.0,1.0,0.0,5,3,0.0,1465.0,3,0.0,0,-1,0,10,2,1
C11,5.105361346050984,0.1924225028702642,-0.7142857142857135,0.0284737767149364,-0.0109676707981444,0.0004250845110072,-2.0086520322700017e-05,-0.0199770378874856,72947,-1,-1,-1,0,0.0,-1.0,0.0,-14.0,1.0,1.0,4,3,0.0,0.0,2,0.0,0,-1,0,13,2,1
C113,14.152240136711498,-1.1,0.5,-0.0698044839862167,0.0148674707616075,-0.0015974440894568,-0.0030537187012407,-0.3333333333333333,148986,-2,-1,2,1,3.0,0.0,3.0,-11.0,-1.0,-5.0,3,3,0.0,-2331.0,2,0.0,0,-1,-1,9,3,1
C114,5.616797917068183,-0.2000000000000001,-1.0,0.0127664715853755,-0.0127664715853756,0.0001105581071427,-0.0001105581071427,0.0,118247,-1,-1,0,1,-1.0,0.0,-1.0,-15.0,1.0,-7.0,5,3,0.0,-1069.0,1,0.0,1,-1,0,12,2,1
C115,3.048644929843676,0.5299145299145298,-3.0,0.0,-0.0145094282069474,0.0,-0.0030382083918822,0.1709401709401709,98875,-1,-1,3,3,,,,,,,4,3,0.0,527.0,1,0.0,0,-1,0,9,2,1
C119,4.76657961008808,0.0728121757177451,-1.9000000000000004,0.2301632543208831,-0.0554401562668962,0.0040733142513175,0.0001592078916011,-0.1451054998270494,177518,-1,0,-1,2,0.0,-1.0,0.0,-13.0,0.0,0.0,5,3,0.0,0.0,0,0.0,1,0,1,16,2,0
C121,6.430160843039381,-0.058479532163743,-1.666666666666667,-0.3010490747175636,0.2546635874809222,-0.002,-0.0019944536882973,-0.165692007797271,94294,-1,-1,1,0,,,,,,,6,3,0.0,0.0,1,0.0,-1,0,0,8,2,1
C124,4.71458773784353,0.0338709677419353,-2.1500000000000004,0.742280368679153,-0.5996001409827252,0.0015071598265078,3.923192606959994e-05,-0.0774193548387096,90627,0,1,-3,4,3.0,0.0,1.0,-15.0,5.0,-1.0,3,3,0.0,0.0,-9,0.0,4,0,2,19,10,0
C127,4.827605722714829,0.0129664769133466,-0.4047619047619042,0.0,-0.0355662845875573,0.0,-0.0014941592917854,-0.0132827324478178,124704,0,-1,1,0,0.0,0.0,1.0,-13.0,1.0,2.0,5,3,0.0,-1625.0,1,0.0,-1,-1,0,11,2,1
C128,3.5493639585526395,-0.3776223776223775,-1.0,0.1786413683524345,-0.1625247355709535,0.0033594624860023,-0.0025268230188915,0.2727272727272727,37040,-1,-1,1,1,2.0,0.0,1.0,-14.0,1.0,0.0,5,3,10.0,-1185.0,6,0.0,0,-1,0,13,3,0
C129,10.332752762326642,0.1702898550724634,-0.8333333333333339,0.03572946660715,0.0207757751714523,0.0027233142885908,-9.69016636883e-05,-0.0217391304347825,177518,-1,-1,3,2,,,,,,,5,3,0.0,-199.0,-4,0.0,1,0,0,14,3,0
C13,5.049701676286887,-0.129237288135593,-3.333333333333333,-0.0115907839872941,0.0039468757480892,-0.0001241285438762,-1.4873115591800012e-05,-0.0220944309927361,177518,0,0,0,0,1.0,0.0,0.0,-13.0,0.0,0.0,5,3,0.0,0.0,0,0.0,0,0,0,13,2,1
C130,-0.0238860662429871,0.4962406015037599,3.0,0.0,-0.0435381337497607,0.0,-0.0068012434352795,-0.0639097744360902,63801,-1,-1,-7,-7,,,,,,,5,3,0.0,2209.0,1,-54.0,0,-1,-1,3,2,1
C133,5.245463485976643,-0.4869281045751634,0.0,0.0,0.0157174437712545,0.0,0.0015795339535098,0.1535947712418299,63801,-1,0,-1,-1,-1.0,0.0,-1.0,-13.0,0.0,-2.0,5,3,0.0,-2117.0,0,0.0,0,0,0,13,2,1
C139,5.336567683862107,0.0410438144329896,-0.8852941176470592,0.0213711132559452,-0.0020602849354443,0.0005823092195204,0.0002534360439301,0.0002577319587628,124704,-1,0,-1,-1,-1.0,0.0,-1.0,-15.0,1.0,0.0,5,3,0.0,0.0,-3,0.0,0,0,0,13,2,1
C14,4.974104366458491,0.2260869565217391,-4.0,0.7536898234127682,-0.6605516768461147,0.0028715642397736,-0.0001906842953121,-0.1860869565217391,106596,0,0,0,3,4.0,0.0,1.0,-14.0,7.0,-1.0,3,3,0.0,-902.0,-5,0.0,4,0,1,19,2,0
C141,4.084294111041153,0.3968253968253972,-0.5,0.0238437695712632,-0.0095817375221074,0.0006257822277847,0.0001862356366083,-0.1031746031746031,39714,-1,-1,-1,-1,0.0,0.0,0.0,-13.0,1.0,-2.0,5,3,0.0,0.0,1,0.0,0,-1,0,10,2,1
C142,6.137070237966668,-0.1825396825396832,-1.5,0.1304095650704211,-0.0888038445180224,0.0025380710659898,0.0002988083666343,0.2063492063492064,148986,0,0,-3,-1,,,,,,,3,3,0.0,0.0,0,0.0,0,-1,-1,9,2,1
C143,3.2394698034743428,-0.1509971509971506,-1.333333333333333,0.074738478836054,-0.0160709717619101,0.0025974025974025,0.0002153032433123,-0.0242165242165242,79946,1,1,0,0,0.0,0.0,0.0,-14.0,-2.0,1.0,4,3,0.0,1802.0,2,0.0,0,0,1,16,10,0
C145,3.9845680412527074,0.428165007112375,0.0,0.0695230493085106,-0.0695230493085106,0.0011558847101875,-0.0011558847101876,-0.0078236130867709,63801,0,0,0,1,0.0,0.0,0.0,-15.0,1.0,5.0,5,3,0.0,10.0,0,41.0,0,-1,0,13,2,1
C146,4.33850138823577,-0.0029455081001463,-0.4749999999999996,0.0148062115857428,-0.0156808455225404,0.0005680204487361,-0.0005918172981368,-0.1132681751238452,75070,0,0,0,1,,,,,,,5,3,0.0,-1969.0,0,0.0,0,0,0,14,3,0
C15,3.333908456290644,-0.0899999999999998,-7.666666666666666,0.1983170483238978,-0.1886037049333498,0.0019063342852612,-0.0014303704585118,-0.1116666666666665,63240,0,0,0,0,-3.0,0.0,0.0,-12.0,2.0,0.0,4,3,0.0,902.0,0,0.0,1,0,1,15,10,0
C154,4.2788936193894855,-0.1435185185185186,-6.0,0.5908354945789047,-0.1716685262526278,0.0030052592036063,0.0019422878927011,0.0046296296296296,195473,0,1,-1,0,-5.0,0.0,0.0,-12.0,2.0,-1.0,3,3,0.0,0.0,0,0.0,2,0,1,18,3,0
C162,4.545575001380222,0.5366847826086958,-0.083333333333333,0.1224751526981922,-0.1048228890311334,0.0027539103929425,-0.0018618497328176,0.0217391304347825,144451,0,0,3,3,0.0,0.0,-1.0,-15.0,2.0,1.0,3,3,0.0,0.0,1,0.0,1,0,0,14,3,1
C163,4.331831300050702,0.6671182907764464,-0.209090909090909,0.0060958858040147,-0.0039105372570359,0.0002200220022001,0.0001116878039338,0.0831683168316832,72303,0,-1,-1,0,0.0,0.0,0.0,-14.0,1.0,0.0,4,3,0.0,-160.0,1,0.0,0,-1,0,13,2,1
C164,6.693722919150929,1.643356643356643,2.333333333333333,0.5099939148033588,-0.0807319545423782,0.0076182838813152,0.0001652891060856,-0.0804195804195804,195473,0,1,-1,-1,0.0,0.0,-1.0,-13.0,3.0,0.0,3,3,0.0,-160.0,-11,0.0,2,0,0,16,2,1
C168,4.912603239263717,0.9196428571428572,0.0,-0.0119511093472858,0.001839818523439,5.380407740196436e-05,-0.0007373310767185,0.044642857142857,57605,-1,0,-1,0,-1.0,0.0,-1.0,-14.0,0.0,0.0,3,3,0.0,0.0,0,41.0,0,0,0,13,3,1
C174,3.824103671706269,-0.0259740259740266,1.0,-0.0100612372115987,0.0100612372115988,0.0001598272138227,-0.0001598272138228,0.1688311688311688,177518,0,0,1,1,3.0,0.0,2.0,-16.0,0.0,6.0,5,3,0.0,709.0,0,0.0,0,-1,0,13,4,1
C176,5.675884714796354,0.5014180374361881,-0.1999999999999997,0.0319126573764285,-0.0047597832206319,0.0007560870626139,-1.7782124642599993e-05,0.0606920022688599,144451,0,0,0,0,0.0,0.0,0.0,-15.0,1.0,0.0,3,3,0.0,160.0,-4,0.0,0,0,0,13,2,1
C178,5.541156378309509,-0.3857142857142857,-1.5,0.2719294520004932,-0.1620002987261609,0.0048304102364433,-0.0008660891264334,-0.0523809523809524,79946,-1,0,-1,-1,-3.0,0.0,1.0,-14.0,1.0,6.0,4,3,0.0,0.0,0,0.0,1,-1,0,12,2,1
C179,12.383507568990067,0.9583333333333336,-13.0,0.1341309252710906,0.0210545965930775,0.0046838407494144,0.0056254376011009,-0.5416666666666666,177518,0,-1,10,7,,,,,,,5,3,0.0,489.0,-2,0.0,0,1,1,17,10,0
C18,4.369911911030499,-0.0386996904024772,0.0,0.0022473453921175,-0.0012860260932646,9.814056814161364e-05,-4.90702840708e-05,-0.0773993808049535,124704,-1,0,0,0,0.0,0.0,0.0,-14.0,1.0,0.0,5,3,0.0,0.0,4,0.0,0,0,0,13,2,1
C181,5.345512710909162,0.6680911680911681,1.666666666666667,0.0044965063072316,-0.0045310966018418,-5.425766504640883e-05,2.7128832523200025e-05,0.1794871794871795,94294,0,1,0,0,0.0,0.0,1.0,-15.0,1.0,-1.0,6,3,0.0,0.0,1,0.0,0,0,0,15,10,0
C185,3.888752230333445,0.0903890160183067,-5.45,0.0833132785988675,-0.0520008954369331,0.0011236381411268,-5.08686077814e-05,-0.0594965675057207,195473,0,0,-1,-1,0.0,0.0,0.0,-14.0,0.0,0.0,3,3,0.0,0.0,-7,0.0,0,0,0,12,2,1
C187,6.477162266133725,-0.1904761904761902,0.0,0.151939360861861,-0.0392992005449285,0.003584229390681,0.0034669443975304,-0.0952380952380952,110960,0,0,0,-1,-1.0,0.0,-1.0,-13.0,0.0,-1.0,7,3,0.0,1625.0,7,0.0,0,0,0,13,9,1
C19,4.744261753079726,0.1597840755735498,2.6428571428571423,-0.4146256507966593,0.3797452472449454,-0.001026674007335,-0.0009576367709216,0.0453441295546559,124704,0,-1,2,1,6.0,0.0,-1.0,-14.0,-1.0,0.0,5,3,0.0,-1062.0,1,0.0,-1,0,-1,8,2,1
C191,5.629421867153702,-0.1182539682539691,-0.2333333333333334,-0.0105408013666995,0.0033185237497277,-0.0003188267176787,-6.794566677279998e-05,0.0246031746031745,177518,-1,0,-1,-1,0.0,-1.0,0.0,-13.0,1.0,0.0,5,3,0.0,0.0,0,0.0,0,0,0,13,2,1
C193,-0.7200905587865591,-0.7373737373737375,2.5,-0.1230840118462177,-0.0430665899256308,-0.0088105726872246,-0.0140386561321382,-0.0707070707070706,95908,1,1,-2,-2,2.0,0.0,2.0,-15.0,0.0,4.0,4,3,0.0,2453.0,0,-41.0,0,0,0,13,10,1
C195,4.7260150639816985,0.0718210361067503,-1.5236842105263158,0.0702322096002827,-0.0351756343605381,0.0005180005180004,0.0021238432676082,0.021585557299843,177518,0,-1,-1,0,0.0,0.0,-1.0,-14.0,1.0,2.0,5,3,0.0,-201.0,0,0.0,0,-1,0,12,2,1
C20,5.486188345335663,0.0119115144639816,-0.8000000000000007,0.0178860690850967,0.0016817955437401,0.0004437163759208,0.000498258002376,-0.0136131593874078,72891,0,0,0,0,1.0,0.0,1.0,-14.0,1.0,0.0,5,3,0.0,-1625.0,0,0.0,0,-1,0,13,2,1
C203,3.5759819680005904,-0.2951388888888888,-4.0,0.1690311908185144,-0.0859134850608178,0.0050770424564904,-0.0014928130658094,-0.0798611111111111,177518,0,1,0,0,1.0,0.0,-1.0,-14.0,1.0,2.0,5,3,0.0,2436.0,0,42.0,1,0,0,15,3,0
C209,3.419218844525112,-0.4615384615384617,-0.5,0.073575205939982,-0.0541827539492723,0.0016447368421051,-0.0002079552329098,-0.1217948717948718,177518,-1,0,1,0,-1.0,0.0,-2.0,-15.0,0.0,-5.0,5,3,0.0,-584.0,1,0.0,0,0,0,12,3,0
C211,1.3378852659900389,0.6565656565656566,-3.5,0.7055451292320073,-0.6633410041064949,0.0038759689922479,0.0018514078691493,0.0303030303030302,124704,1,2,-8,-6,3.0,0.0,-1.0,-15.0,2.0,-2.0,5,3,0.0,0.0,-4,0.0,4,0,2,19,3,0
C212,9.38581037796284,-0.0256410256410259,0.0,-0.0759105385901953,0.2027988876491525,-0.0052421055921,0.009968594240715,0.2615384615384616,195473,-1,-1,-2,-2,,,,,,,3,3,0.0,-756.0,9,0.0,0,0,-1,7,2,1
C213,3.7743229622556456,0.1538461538461542,1.333333333333333,0.0,0.0200128208602282,0.0,0.0001299700273202,-0.1692307692307693,57200,-1,-1,-2,-1,1.0,0.0,0.0,-14.0,1.0,-5.0,5,3,0.0,1371.0,4,42.0,1,-1,0,10,2,1
C215,5.243539906630375,0.1979166666666669,-0.5,0.223364086766113,-0.2147956332414549,0.0002633622423682,0.0001061869076688,-0.0208333333333333,57200,-1,-1,-2,-2,1.0,0.0,0.0,-15.0,1.0,-1.0,5,3,0.0,0.0,-3,0.0,1,-1,0,12,2,1
C218,5.709043536484181,-0.4444444444444446,0.0,0.0,-0.0286445928281477,0.0,-0.0023842447708185,0.0,63801,-1,-1,0,1,,,,,,,5,3,0.0,-1465.0,0,0.0,0,0,-1,11,3,1
C22,3.766049942483853,0.0,-2.5,-0.1005533288588519,0.0049575549731869,-0.0042087542087542,-0.0008102639025333,0.1414141414141414,148986,0,0,-1,-1,1.0,0.0,0.0,-15.0,1.0,-4.0,3,3,0.0,-344.0,0,0.0,0,-1,-1,10,2,1
C225,4.97019324677597,0.5138888888888893,3.0,-0.0879089768510258,0.0879089768510258,0.0018781673271159,-0.0018781673271159,0.0902777777777777,124704,0,0,0,0,0.0,0.0,-1.0,-14.0,0.0,5.0,5,3,0.0,756.0,0,0.0,-1,0,0,13,10,1
C231,5.701705469551648,-0.5096153846153846,-1.0,0.1002088779589003,0.0032428916233131,0.0024521824423735,0.0041435779747342,-0.2211538461538461,144451,0,0,2,1,0.0,0.0,1.0,-14.0,6.0,-7.0,3,3,0.0,0.0,0,0.0,0,0,0,16,10,0
C236,5.843373456640421,0.389033189033189,0.6190476190476204,0.0113199854705722,0.0084973200794459,0.00041928721174,0.0008660598319617,0.0692640692640693,37040,0,0,-3,-2,-1.0,0.0,-1.0,-15.0,0.0,-3.0,5,3,0.0,0.0,5,0.0,0,0,0,12,2,0
C242,3.076137987344353,-0.8666666666666671,0.0,0.0,-0.196891293491095,0.0,-0.0447030006123699,-0.3,86168,0,0,0,0,,,,,,,4,3,0.0,-7.0,0,0.0,2,0,1,16,4,1
C246,4.627997367663397,-0.2072368421052637,-0.5,0.0431453563868249,-0.005919313555714,0.0008822440669599,0.000605300319445,0.2960526315789473,144451,0,-1,-1,0,0.0,0.0,0.0,-13.0,0.0,-4.0,3,3,0.0,0.0,0,0.0,0,0,0,13,2,1
C253,6.234941066799479,0.3106060606060605,-1.5,-0.1069782827034321,0.0866517932607423,-0.0005899705014748,-0.0008530309415265,-0.0151515151515151,118247,0,0,-1,-1,-1.0,0.0,0.0,-14.0,0.0,0.0,5,3,0.0,1625.0,-5,0.0,-1,0,-1,10,2,1
C256,7.257433489827854,9.333333333333332,24.0,0.263467051674947,0.474202814774621,0.0352112676056337,0.3951486697965571,0.1666666666666666,177518,1,4,6,6,,,,,,,5,3,0.0,1657.0,0,0.0,3,4,5,20,9,0
C283,5.424212055134021,0.0292606251133551,0.333333333333333,0.0175548898719968,-0.0023527554555545,0.0002122241086588,0.0007356431899194,0.0628136146544948,124704,-1,-1,-1,-1,1.0,-1.0,1.0,-14.0,-1.0,-2.0,5,3,0.0,1625.0,3,0.0,0,-1,0,7,1,1
C294,3.014163970646252,0.6000000000000001,-2.0,0.0,0.0051011984560321,0.0,0.0023041111023435,0.0,177518,1,0,-1,0,0.0,0.0,0.0,-13.0,1.0,2.0,5,3,0.0,0.0,-1,0.0,0,0,0,14,3,0
C300,4.443648769591405,0.6443089430894307,-1.6000000000000003,0.5260661742560339,-0.480328227939119,-0.0006250462299336,0.0009156594237724,-0.0269308943089431,63801,0,-1,0,3,2.0,0.0,0.0,-12.0,6.0,-1.0,5,3,0.0,0.0,1,0.0,3,0,1,17,2,0
C303,5.527182148100984,1.2454545454545456,-1.0,0.0,-0.0020781736111536,0.0,-0.0007198551148753,-0.0181818181818181,118247,-1,-1,-2,-2,,,,,,,5,3,0.0,-1465.0,3,0.0,0,-1,-1,1,2,1
C306,5.092966960211825,0.0098039215686269,-4.0,0.087044435231688,-0.0511805007577026,0.0008602704258746,0.0006008800172977,0.0686274509803922,144451,-1,-1,0,2,1.0,-1.0,0.0,-15.0,0.0,0.0,3,3,0.0,0.0,-1,0.0,0,0,0,13,2,1
C308,5.6363336038544745,0.1691176470588238,0.0,0.0746466337780892,-0.0570102516931879,0.0007230657989876,-2.765550691539997e-05,-0.0330882352941176,90627,0,0,-1,0,,,,,,,3,3,0.0,0.0,0,0.0,1,0,1,14,10,1
C310,4.111407762732334,-0.01268115942029,1.0,0.0228858619925059,0.0041861667394046,0.0004610419548179,0.0012658449909536,0.0072463768115942,148986,0,0,1,1,0.0,0.0,0.0,-14.0,1.0,0.0,3,3,0.0,-1055.0,3,0.0,0,0,0,13,3,1
C312,5.010393473923983,0.1918041372086936,-0.2976190476190474,0.1149127928591206,-0.0491672212817219,0.0009068134512559,5.677661000075737e-05,-0.0019638648860959,195473,0,0,-1,1,0.0,0.0,-1.0,-14.0,0.0,0.0,3,3,0.0,0.0,2,0.0,0,0,0,14,2,1
C317,5.675523927367955,0.3032258064516129,1.25,0.0232852765100199,-0.0087266057166635,0.0003438789546079,0.0003839230832378,0.0658064516129032,195473,0,1,-2,-1,0.0,0.0,0.0,-15.0,0.0,3.0,3,3,0.0,0.0,0,0.0,1,0,0,15,4,0
C318,6.474970153988743,0.0353415559772289,-0.5604395604395602,0.385634516221072,-0.3662213319402523,0.0005308794903555,0.0005671733701589,-0.0453036053130929,195473,-1,0,0,2,0.0,0.0,-1.0,-14.0,1.0,-1.0,3,3,0.0,0.0,-1,0.0,1,0,1,16,2,0
C319,3.3007092343854225,0.5719696969696972,1.0,0.0380155092547852,-0.0099346906477687,0.0009239297813365,0.0005748956840316,0.106060606060606,148986,-1,0,0,0,0.0,0.0,0.0,-14.0,1.0,1.0,3,3,0.0,0.0,0,0.0,0,0,0,14,9,0
C325,4.539920384670495,-0.705645161290323,0.5,0.3436799673448786,-0.2405919322444972,0.0011798017932987,0.0040103241424017,0.0252016129032257,106596,0,1,-2,3,2.0,0.0,1.0,-13.0,2.0,1.0,3,3,0.0,0.0,1,0.0,2,0,1,18,10,0
C330,5.432034477670662,-0.6006191950464399,0.5,0.0645577709273543,-0.0284779109678158,0.0014666262268564,3.962008437699961e-06,-0.1269349845201238,98875,0,0,4,3,0.0,0.0,-2.0,-10.0,0.0,1.0,4,3,0.0,0.0,0,0.0,0,0,0,14,8,1
C331,5.33556097655525,-0.1014285714285709,-0.333333333333333,0.0097974070479156,-0.0097974070479155,0.0002769147051956,-0.0002769147051955,-0.1078571428571428,63801,0,0,-1,0,0.0,0.0,1.0,-14.0,-3.0,2.0,5,3,0.0,902.0,0,0.0,0,-1,0,13,2,1
C34,3.630749382585656,-0.1710807918673094,-0.1111111111111116,0.5998900906080309,-0.4220393907701558,0.001788088208014,0.0006497943566165,-0.0394596040663456,98875,0,0,0,3,1.0,-1.0,-1.0,-14.0,5.0,0.0,4,3,0.0,1062.0,6,0.0,3,-1,1,17,2,0
C342,4.644568195659346,0.1202830188679247,-0.5999999999999996,0.0,-0.0070908915638432,0.0,6.691532799890003e-05,0.1830188679245283,72891,0,0,0,0,-1.0,0.0,-1.0,-14.0,1.0,-1.0,5,3,0.0,556.0,0,0.0,0,0,0,14,3,0
C343,8.540503428808435,0.541666666666667,0.0,-0.1320932464966185,0.0465887463495036,-0.0029717682020802,-0.0066441971997729,0.0416666666666666,72947,-1,-1,-2,-11,,,,,,,4,3,-10.0,-1069.0,0,0.0,-1,-1,-1,4,2,1
C35,6.448931230494999,0.1007130124777178,-3.25,0.1575125585597196,-0.0455832003591176,0.0005764607345467,-1.0737994074900008e-05,-0.1114081996434936,148986,0,0,-1,1,1.0,0.0,-1.0,-14.0,0.0,1.0,3,3,0.0,454.0,0,0.0,0,0,0,14,3,0
C356,5.389314951253475,0.7316176470588236,-1.5,0.0872138693000732,-0.0341909582154607,0.0022592589566767,-0.0003441616058945,0.0441176470588234,103050,0,0,-1,0,0.0,0.0,-1.0,-14.0,0.0,-1.0,3,3,0.0,-344.0,-1,0.0,0,0,0,14,5,0
C361,21.7600341588386,0.6190476190476191,0.666666666666667,0.0,-0.9851008186244752,0.0,-0.9991460290350128,0.6086956521739131,177518,-12,-20,-4,-3,,,,,,,5,3,0.0,1286.0,0,-58.0,1,-9,-6,14,2,1
C37,4.647567478699308,-0.0530303030303029,-0.4166666666666667,0.1383840505809398,-0.0457177286355155,0.0031290545809081,-2.628129202780001e-05,0.1082251082251082,195473,0,1,-2,0,0.0,0.0,0.0,-14.0,0.0,0.0,3,3,0.0,0.0,0,0.0,1,0,0,15,3,0
C401,2.5,0.3333333333333335,0.0,0.0,-0.3752297489299839,0.0,-0.0547619047619047,0.6666666666666667,72891,3,13,-1,-2,,,,,,,5,3,0.0,0.0,2,-8.0,-2,0,-1,5,5,1
C402,-7.02920618051013,0.2105263157894739,-5.0,0.0,0.0136060592373094,0.0,-0.0032087965990842,-0.0043859649122807,63240,-2,-1,-3,-3,,,,,,,4,3,0.0,959.0,-9,41.0,0,-1,-1,4,3,1
C406,2.330330993274181,0.1833333333333331,0.5,0.0,-0.0027028464080022,0.0,-0.0024990065786569,0.1041666666666666,72891,0,0,0,0,,,,,,,5,3,0.0,0.0,-1,41.0,0,1,0,15,3,0
C412,9.232723577235769,-1.666666666666667,-7.0,0.0,0.3908630748340582,0.0,0.171239837398374,-0.0666666666666667,90627,-1,-1,6,3,,,,,,,3,3,10.0,96.0,1,-54.0,-1,3,2,20,10,0
C434,5.0,0.0,0.0,0.0251522769148981,0.0882795199032916,0.0030395136778116,0.0168609838346263,0.5,144451,1,10,-1,0,,,,,,,3,3,0.0,0.0,1,-54.0,1,0,0,14,3,0
C469,-3.819794999407513,-0.0769230769230771,3.999999999999999,0.0,-0.0610304232704762,0.0,-0.005816249950626,0.0,57605,-1,0,-1,-1,,,,,,,3,3,0.0,-529.0,1,41.0,0,-1,0,13,3,1
C471,2.5166059567173846,-0.0202020202020203,-2.833333333333333,0.0,-0.0209458095765769,0.0,-0.0029759779063399,-0.0454545454545454,57605,0,0,-1,0,0.0,0.0,0.0,-13.0,0.0,1.0,3,3,0.0,292.0,-3,0.0,1,0,0,15,3,0
C473,7.5851097182919744,-0.0499999999999998,0.3333333333333335,0.0,-0.1047716181698157,0.0,-0.013952966677748,0.3,144451,-1,-1,-2,0,-1.0,0.0,-1.0,-14.0,2.0,-2.0,3,3,0.0,-1957.0,2,-41.0,1,-1,0,8,2,1
C474,5.142799009009977,-0.375,0.5,0.0311369936830075,-0.0016419882048139,0.0013947001394699,-0.0001093530957682,0.0999999999999999,110960,0,0,0,0,,,,,,,7,3,0.0,1994.0,0,0.0,0,0,0,15,3,0
C475,5.867706118592011,-0.0818181818181815,0.0,0.0,-0.067049193793384,0.0,-0.0012668320340184,0.0545454545454545,63801,0,1,1,0,1.0,0.0,1.0,-14.0,-5.0,-1.0,5,3,0.0,0.0,1,0.0,1,0,1,15,7,0
C476,10.597484276729569,-0.5555555555555562,1.0,0.0,-0.3260471595255277,0.0,-0.3238993710691824,0.75,90627,-7,-16,-4,-3,,,,,,,3,3,0.0,0.0,-5,-62.0,-2,-4,-4,14,3,1
C477,-0.0409299116309611,-0.1558441558441554,0.0,-0.0580027940370297,0.0002558370514325,-0.0012594458438287,-0.0020408841891746,0.0649350649350649,177518,0,0,-4,-14,,,,,,,5,3,0.0,-909.0,-1,41.0,0,0,0,12,2,1
C478,8.564349729123435,-0.3257918552036201,-2.5,0.0836683795753866,-0.0513297373646459,0.002220577350111,-0.0008783379404112,-0.0271493212669683,75070,-1,-1,7,4,0.0,0.0,-1.0,-15.0,0.0,-3.0,5,3,0.0,-1673.0,-1,0.0,1,0,1,14,2,1
C479,7.380230880230876,-0.2142857142857144,0.0,-0.0276227730725732,0.0055247000872488,-0.0006613756613755,-0.0001803751803752,-0.2738095238095238,72947,-1,0,0,1,0.0,0.0,1.0,-14.0,0.0,-7.0,4,3,0.0,-600.0,0,41.0,0,0,0,13,9,0
C48,3.133652924891728,-0.1756043345373714,-7.238095238095238,0.5978326039435141,-0.2505808659258421,0.0062206382940488,0.0005551945687405,0.0019449847179772,57200,-1,0,0,4,1.0,0.0,0.0,-14.0,5.0,4.0,5,3,0.0,1094.0,0,0.0,2,0,1,18,3,0
C482,3.268177549004058,0.367647058823529,3.0,0.0,-0.0303220760841234,0.0,-0.0046473049290706,-0.0330882352941176,106596,-1,-1,1,0,,,,,,,3,3,0.0,-1673.0,0,0.0,-1,0,0,10,3,1
C483,6.645197006719613,0.3518518518518521,-0.333333333333333,0.0,0.0202395239290267,0.0,0.0014514307046378,-0.0833333333333332,177518,0,-1,0,1,0.0,0.0,1.0,-15.0,-2.0,-1.0,5,3,0.0,0.0,0,5.0,0,-1,0,11,2,1
C484,5.152427937646969,-0.2000000000000001,0.5,0.0662887390571234,-0.0331615398830647,0.0020242914979755,0.0009697204780722,-0.0666666666666666,144451,-1,0,0,0,,,,,,,3,3,0.0,0.0,6,0.0,0,0,0,13,3,1
C486,24.39176063977397,-1.8888888888888888,6.0,0.0,0.0044310473426233,0.0,-0.0008829687933601,0.2444444444444444,195473,-1,0,-7,-2,,,,,,,3,3,0.0,-1802.0,4,5.0,1,-2,-1,11,2,0
C487,-1.843933213167624,-3.166666666666667,-8.0,0.2686849062545529,-0.2686849062545527,0.0010973025962116,-0.0010973025962116,0.1666666666666666,195473,0,0,-3,0,,,,,,,3,3,0.0,181.0,2,0.0,2,-1,0,14,3,1
C489,6.5072802799561416,0.1818181818181816,-0.5,0.0,-0.0279055838019026,0.0,-0.0040258415740434,-0.2196969696969696,110960,-1,0,0,1,,,,,,,7,3,0.0,-10.0,1,0.0,1,0,0,15,3,0
C490,5.237993620541701,0.0416666666666665,-2.166666666666667,0.3158335894498617,-0.2518654269256307,0.0018957345971564,0.0013439585226593,0.1875,195473,0,0,-2,0,1.0,0.0,0.0,-13.0,0.0,-2.0,3,3,0.0,2049.0,1,-54.0,0,0,0,13,3,1
C491,4.352848815434406,0.4615384615384617,-2.5,0.0,-0.0349315516447265,0.0,-0.0020847138060072,-0.1128205128205128,94294,-1,0,0,0,-1.0,0.0,-1.0,-14.0,1.0,-1.0,6,3,0.0,0.0,0,0.0,1,-1,0,13,3,0
C495,-0.5867471875315005,0.4624999999999999,-4.5,0.0,-0.0068962408600829,0.0,-0.0008714691096611,0.1999999999999999,75070,0,1,-2,-1,,,,,,,5,3,0.0,0.0,0,42.0,1,0,0,14,3,1
C496,7.092844855110094,0.1473684210526316,0.0,0.0853576853858874,-0.0616937929719815,0.0008244023083263,0.0003316670558353,0.0684210526315789,94294,1,1,0,1,0.0,0.0,0.0,-15.0,0.0,-1.0,6,3,0.0,1950.0,-9,-13.0,0,1,1,15,10,0
C499,3.4446006674378182,0.583333333333333,0.0,0.0,-0.0665282797223119,0.0,-0.0073025939664685,-0.0555555555555555,72303,0,0,0,0,,,,,,,4,3,0.0,299.0,0,41.0,1,0,1,14,9,0
C500,0.4308030612930835,-0.8571428571428563,0.0,0.0,-0.0274042281324373,0.0,-0.0009429704529522,0.0,124704,-1,-1,0,-1,1.0,0.0,0.0,-14.0,-1.0,-1.0,5,3,0.0,-2553.0,-1,-54.0,-1,0,-1,5,2,1
C504,5.475117950594132,-0.7052631578947364,-1.5,0.0393506029969076,-0.0097376842993488,0.0009900990099009,0.0005495468715463,-0.1543859649122806,75070,-2,-1,1,0,0.0,0.0,1.0,-13.0,0.0,-3.0,5,3,0.0,0.0,-3,-13.0,0,-1,0,11,3,1
C506,4.998017166449372,0.2520833333333332,-0.75,0.0,-0.007096942192331,0.0,-0.000336186690035,0.0458333333333332,177518,0,0,-1,0,-1.0,0.0,-1.0,-14.0,1.0,-4.0,5,3,0.0,-1140.0,2,-13.0,0,0,0,13,2,1
C508,4.118457300275473,0.8,0.0,-0.2276156522649709,0.0463125369450213,-0.0055096418732781,-0.0029269972451789,0.0,98875,0,0,-1,-1,-2.0,0.0,-1.0,-11.0,-2.0,0.0,4,3,0.0,728.0,0,0.0,-2,0,-1,4,3,1
C513,7.507248626047591,0.6190476190476191,-1.0,0.0,0.0149841090730516,0.0,-0.0025881429275685,0.1904761904761904,95908,0,0,-2,-2,0.0,0.0,0.0,-13.0,0.0,3.0,4,3,0.0,0.0,-1,46.0,0,-1,0,9,3,1
C519,3.222561912255074,-0.1666666666666669,-10.5,0.5891141137602918,-0.5509184021788441,0.0011614401858304,0.0036772694915889,0.0904761904761903,177518,-2,0,-1,0,-11.0,0.0,-1.0,-14.0,1.0,0.0,5,3,0.0,0.0,-5,0.0,2,-1,0,15,2,0
C522,4.125401540534,-0.666666666666667,0.0,0.0,0.0372341036935467,0.0,0.0138509896031225,0.0,177518,0,1,0,0,,,,,,,5,3,0.0,1345.0,-1,0.0,1,-1,1,15,3,1
C531,-13.685990338164252,1.4000000000000004,5.0,0.0,-0.1243815712558657,0.0,-0.0261674718196457,0.625,177518,-2,-2,-7,-5,,,,,,,5,3,0.0,-283.0,13,-41.0,-1,-3,-3,14,2,1
C532,0.8291245791245743,-0.0538461538461536,0.1666666666666669,-0.1391126614116885,0.0807039681085372,-0.0022446689113355,-0.001551462335776,0.1115384615384615,72891,-1,-1,0,0,0.0,0.0,1.0,-13.0,0.0,-2.0,5,3,0.0,822.0,1,-41.0,-1,0,0,11,2,1
C535,4.7027494712555225,0.0694444444444446,1.6666666666666663,-0.0062779965212483,-0.018174623673827,-0.000627582253324,-0.0001199698391926,-0.0509259259259259,195473,-1,0,0,1,1.0,0.0,0.0,-14.0,2.0,0.0,3,3,0.0,0.0,0,0.0,1,0,0,13,2,0
C539,-7.304253273509765,-0.4982456140350875,4.5,0.0,0.0261243449990445,0.0,0.0024036260415712,-0.0210526315789473,177518,0,0,-8,-6,,,,,,,5,3,0.0,-754.0,3,42.0,-1,-1,-1,1,2,1
C540,-3.082358528157904,0.5625,-3.5,0.0,-0.0236116623582069,0.0,-0.005076446923837,0.0625,37040,-3,-2,-8,-6,1.0,0.0,0.0,-19.0,1.0,0.0,5,3,0.0,-1406.0,8,42.0,0,-3,-2,14,2,1
C557,5.009455753501605,0.3989898989898992,-1.166666666666666,0.0583596115332739,0.0482620012539649,0.0015649452269171,0.0157095269419888,0.2525252525252525,195473,1,0,-3,-13,,,,,,,3,3,0.0,0.0,0,41.0,1,0,1,15,4,0
C561,7.194657565450591,0.5933014354066981,0.0,0.0,0.0551990753997834,0.0,0.0079182650742127,-0.3444976076555024,72947,0,-1,0,0,1.0,0.0,1.0,-16.0,-1.0,-2.0,4,3,0.0,426.0,3,0.0,-1,0,-1,9,3,1
C571,4.590319893750007,-0.3999999999999999,0.0,0.0,-0.0137866409622891,0.0,-0.0013442723100089,0.0,177518,-1,0,0,0,,,,,,,5,3,0.0,0.0,5,0.0,0,0,0,11,2,1
C573,6.812010556208932,0.5416666666666665,4.0,0.0,-0.0839529216508997,0.0,-0.0261323542067066,0.0555555555555555,72947,-5,-4,-1,-1,-3.0,0.0,-4.0,-14.0,1.0,-3.0,4,3,0.0,292.0,-5,-41.0,-1,-2,-1,14,2,1
C69,4.592660400644448,-0.083241485351948,0.0868421052631571,0.0194639220722567,-0.0031195531276017,8.830186619679381e-07,-2.303460751099328e-05,0.0418962866201303,177518,-1,0,-1,0,0.0,-1.0,0.0,-14.0,1.0,-1.0,5,3,0.0,-283.0,-1,0.0,0,-1,0,11,1,1
C74,3.8711622287783314,-0.7015151515151516,2.0,-0.3733479595438219,0.1664238159504487,-0.0003614304438741,-1.9051579403400005e-05,0.0106060606060606,148986,0,-1,-2,1,-2.0,0.0,-1.0,-14.0,0.0,2.0,3,3,-10.0,0.0,-7,0.0,-1,0,-1,8,3,0
C89,5.812843380525919,-0.5089285714285712,-2.0,0.0,0.0037569341514876,0.0,-3.036339928380008e-05,0.0535714285714286,90627,0,0,-1,0,-1.0,0.0,0.0,-15.0,1.0,5.0,3,3,0.0,490.0,4,0.0,0,0,0,13,3,1
C95,4.349409667713246,0.2604166666666665,1.5,-0.0204847127309484,0.0153063469316702,5.805206698061838e-05,-0.0002150379382523,-0.0416666666666666,72303,0,-1,-1,0,-1.0,-1.0,-1.0,-14.0,-2.0,0.0,4,3,0.0,492.0,6,0.0,-1,0,0,12,2,1
C96,3.60033742120914,0.139699381078691,0.0138888888888892,0.007992190670652,0.0301004491144047,0.0003738317757008,0.0028811731185276,-0.0623342175066312,195473,0,0,-2,-1,0.0,0.0,-2.0,-15.0,0.0,-3.0,3,3,0.0,0.0,0,0.0,0,0,0,13,2,1
C97,4.457861996290987,0.395833333333333,2.133333333333333,0.2026119998254982,-0.1303672496060139,0.0025541903830248,0.0002299243468638,0.0784313725490195,72891,0,0,0,-1,0.0,0.0,-1.0,-14.0,-1.0,2.0,5,3,0.0,0.0,1,0.0,1,0,0,15,2,1
C99,6.536158192090383,-0.1608391608391612,-2.333333333333333,0.062989119460478,-0.0486598830109595,0.0005649717514123,0.0,-0.0337995337995337,124704,-1,0,0,1,0.0,0.0,-1.0,-13.0,3.0,0.0,5,3,0.0,-461.0,-4,0.0,1,0,0,15,10,1
D1,4.532019704433502,-0.012934220251294,-0.8571428571428568,-0.0648293311138481,0.0452741645922932,-0.0046828437633034,0.0030408076385088,-0.024020694752402,90627,0,-1,-1,-2,2.0,0.0,2.0,-16.0,0.0,2.0,3,4,13.0,-2537.0,2,14.0,-1,0,-1,8,3,1
D10,5.463291810230579,0.0963611859838273,0.1111111111111107,-0.0958906311103492,-0.0204529990128083,-0.0050505050505051,-0.0066113025296698,0.0498652291105121,124704,0,1,5,2,0.0,0.0,-1.0,-14.0,1.0,3.0,5,4,0.0,33.0,4,0.0,0,1,1,16,10,1
D11,0.6830581899075057,0.4166666666666665,-0.25,-0.0437106561072736,-0.1448659950953364,-0.0028490028490028,-0.0382468875619561,0.0277777777777777,75070,-2,-2,-3,-1,,,,,,,5,4,-13.0,0.0,2,0.0,1,-2,-1,14,3,1
D12,-0.9688872042704872,-0.1936872309899575,-2.0,0.0,-0.0586544465958083,0.0,-0.0160775766764585,0.0308464849354376,177518,-2,-1,-1,-2,,,,,,,5,4,0.0,-83.0,-2,0.0,0,-2,-1,4,2,1
D2,7.51433251433253,0.2749999999999999,0.0,0.0,0.067488296437043,0.0,0.0040950040950041,-0.0291666666666666,90627,0,0,1,0,,,,,,,3,4,0.0,0.0,-3,-14.0,0,0,0,15,10,0
D3,7.120097191520941,0.046244319700615,0.1538461538461533,-0.0880071029945794,-0.007769353216598,-0.0070124258783076,-0.0014072470088168,0.0331462175888799,177518,0,-1,0,0,-2.0,0.0,-2.0,-15.0,2.0,2.0,5,4,0.0,137.0,-2,0.0,0,0,0,10,3,1
D4,4.251045411195058,-0.0700000000000002,1.5999999999999996,0.0,0.0232538545028982,0.0,-0.0004232433988137,-0.0549999999999999,57200,1,0,2,2,0.0,0.0,0.0,-14.0,1.0,6.0,5,4,0.0,-511.0,4,0.0,1,1,1,18,10,0
D5,0.1469487861656091,-0.532258064516129,-5.0,0.1519036712812977,-0.0464091065706041,0.0054871965414036,0.0011223811107415,-0.1315136476426799,195473,-2,0,1,1,-1.0,0.0,0.0,-11.0,-2.0,0.0,3,4,-13.0,-511.0,0,33.0,1,0,0,14,3,0
D6,1.178561238176762,-0.1760052735662496,-0.6500000000000004,0.0954929106415187,-0.0721280089275539,0.0077972709551655,-0.007010610581782,0.009887936717205,57200,-1,0,0,0,2.0,0.0,0.0,-14.0,-1.0,2.0,5,4,13.0,-1758.0,0,0.0,1,0,0,13,2,0
D7,7.126815110857365,-0.1661049590755894,-1.2999999999999998,0.0754694127594551,-0.0801831749366766,0.0044247787610619,-0.0041488248168236,0.0738244262558176,72303,-1,-1,0,1,0.0,0.0,1.0,-14.0,-4.0,3.0,4,4,13.0,-1758.0,-2,14.0,-1,0,-1,8,2,1
D8,-1.3802702503138136,-1.2727272727272725,-1.0,-0.0383734969098695,-0.0991132832074267,-0.0021413276231263,-0.0116517758251495,0.2272727272727273,79946,-3,-2,-1,-2,1.0,0.0,0.0,-12.0,1.0,1.0,4,4,13.0,0.0,-5,14.0,-1,-1,-1,14,2,1
