,hem,hip,outer_leg,waist,thigh,kmean_cluster,cluster_size
1,34.25,46.1,49.25,35.9,25.0,3,M
2,34.75,44.7,52.1,35.55,26.5,3,M
3,31.95,46.4,49.1,36.85,28.45,3,M
4,32.1,45.45,46.75,40.8,29.6,4,S
5,31.9,45.65,47.0,38.5,26.0,4,S
6,31.7,42.5,49.55,35.4,24.1,1,XS
7,31.3,46.15,50.95,39.95,26.65,4,S
9,32.45,46.0,46.5,40.4,27.0,4,S
10,33.25,50.0,48.5,43.15,28.75,2,XL
11,30.25,41.6,48.05,32.7,23.9,1,XS
12,32.1,47.7,48.6,42.1,28.1,4,S
13,38.45,51.8,51.6,44.6,31.1,2,XL
14,34.95,44.15,49.0,34.9,26.9,3,M
15,30.65,43.45,48.6,34.0,26.3,1,XS
16,32.4,43.7,51.7,32.05,25.75,1,XS
17,34.4,47.7,50.0,39.55,28.9,0,L
18,37.75,51.95,53.8,42.4,33.25,0,L
20,34.25,46.25,50.7,38.6,28.6,3,M
21,33.55,48.4,50.2,37.45,29.85,0,L
22,32.85,46.4,51.2,33.55,27.05,3,M
23,36.55,49.9,51.7,41.8,29.05,0,L
24,30.15,43.25,46.75,31.6,25.8,1,XS
25,33.9,46.0,53.4,38.35,26.7,3,M
26,33.9,49.65,49.6,37.25,29.75,0,L
27,37.8,51.05,52.85,40.9,30.95,0,L
28,35.7,49.15,50.3,40.7,28.4,0,L
29,33.4,44.65,54.0,31.6,27.05,3,M
30,32.9,43.95,48.15,33.85,24.4,1,XS
32,32.3,46.0,48.4,40.6,27.35,4,S
33,33.75,47.75,50.2,35.55,29.55,3,M
34,31.25,41.35,47.8,32.45,23.25,1,XS
35,33.2,45.15,49.65,37.1,25.85,3,M
36,33.6,44.6,51.05,32.0,26.85,1,XS
37,35.85,46.5,52.4,35.8,27.25,3,M
38,33.2,47.5,51.7,34.0,29.75,3,M
39,33.85,45.9,50.0,34.6,26.7,3,M
40,32.0,45.75,48.1,35.15,27.45,3,M
41,34.15,44.5,48.75,33.6,26.05,1,XS
42,36.2,50.4,52.85,37.45,29.3,0,L
43,35.65,50.65,51.2,40.4,30.0,0,L
44,32.4,47.0,49.35,32.9,27.8,3,M
45,33.0,46.0,50.7,33.5,26.35,3,M
46,31.0,44.25,46.85,31.0,26.8,1,XS
47,31.85,45.4,51.45,34.45,26.9,3,M
48,32.65,44.15,51.6,32.0,27.05,1,XS
49,30.5,45.75,49.0,33.9,26.65,1,XS
50,31.75,43.0,48.35,33.0,24.9,1,XS
51,31.4,42.75,49.9,35.05,25.25,1,XS
52,35.0,50.65,50.1,38.05,31.5,0,L
53,34.7,49.9,47.8,44.15,31.25,2,XL
55,33.65,43.25,51.4,36.75,23.6,1,XS
56,33.15,44.4,50.35,33.4,25.6,1,XS
57,36.15,48.25,52.05,37.3,27.2,3,M
58,32.0,43.95,46.8,34.2,25.1,1,XS
59,35.0,45.85,51.25,36.6,27.75,3,M
60,32.4,44.2,50.4,35.75,24.9,1,XS
61,32.5,47.5,49.6,36.8,29.35,3,M
62,31.3,43.75,49.55,31.45,24.35,1,XS
63,29.7,41.3,50.35,31.6,23.85,1,XS
64,34.7,47.6,50.3,36.45,28.65,3,M
65,30.95,43.25,45.9,35.05,25.35,1,XS
66,34.95,48.4,49.0,40.25,30.3,0,L
67,37.5,51.0,54.25,41.2,30.2,0,L
69,35.65,52.75,52.7,43.65,30.75,2,XL
70,32.5,44.5,51.9,33.05,25.9,1,XS
71,37.65,53.1,52.3,42.3,32.0,0,L
73,35.55,46.5,50.25,42.8,26.25,4,S
74,35.1,48.8,47.9,45.5,29.0,2,XL
75,33.9,47.85,50.6,37.65,28.75,3,M
76,31.8,43.8,49.0,33.3,26.1,1,XS
78,32.4,44.05,48.1,31.95,25.85,1,XS
79,34.25,47.0,51.7,36.9,28.2,3,M
80,32.9,45.4,52.95,32.65,27.4,3,M
81,34.55,47.65,51.7,33.75,26.4,3,M
82,35.5,48.15,51.2,40.45,29.25,0,L
83,33.65,46.6,49.2,35.95,27.5,3,M
84,35.9,49.0,50.8,40.95,31.05,0,L
85,33.4,46.2,52.35,34.5,28.2,3,M
86,35.45,48.05,46.25,40.0,30.1,0,L
88,33.05,44.75,50.2,31.3,25.85,1,XS
89,32.3,44.95,49.45,35.55,26.35,3,M
90,34.95,45.25,52.4,36.8,26.5,3,M
91,33.95,47.0,50.1,35.75,28.75,3,M
92,29.3,39.6,46.45,30.5,23.9,1,XS
93,33.35,46.0,52.95,33.9,27.5,3,M
95,38.2,50.15,54.35,42.15,31.0,0,L
96,32.4,44.5,51.95,36.85,26.15,3,M
97,34.0,47.0,49.0,35.85,28.55,3,M
98,36.0,50.0,49.1,37.7,31.4,0,L
99,36.25,49.85,52.3,37.8,30.1,0,L
100,34.05,47.65,50.4,36.4,29.45,3,M
101,35.45,48.6,52.35,38.95,28.95,0,L
102,33.05,45.6,54.25,37.1,25.6,3,M
103,38.15,48.15,53.8,40.15,28.85,0,L
104,33.8,45.05,48.9,33.4,28.4,3,M
105,36.45,48.6,50.45,37.8,30.65,0,L
106,35.5,44.75,52.65,32.9,26.05,3,M
107,32.15,44.1,50.25,33.45,26.3,1,XS
108,33.5,45.6,49.2,33.9,25.6,1,XS
109,34.5,49.2,51.35,41.35,29.6,0,L
110,32.2,44.5,50.65,37.45,27.6,3,M
111,37.75,51.1,52.0,42.8,29.9,0,L
112,33.45,44.6,51.7,32.0,25.95,1,XS
113,35.95,49.0,51.25,39.0,29.95,0,L
114,31.0,44.75,49.25,34.2,26.0,1,XS
115,36.1,50.2,50.85,42.8,29.7,0,L
116,34.05,45.75,51.8,34.65,26.75,3,M
118,32.9,44.1,49.2,32.25,25.85,1,XS
119,33.65,47.9,48.8,36.5,29.75,3,M
121,30.9,42.9,49.2,32.8,25.35,1,XS
122,31.0,45.1,48.9,34.05,27.5,1,XS
124,32.75,44.1,47.7,35.75,27.0,1,XS
125,32.5,44.55,52.0,33.65,25.95,1,XS
126,33.4,45.85,50.6,37.2,27.35,3,M
127,34.5,47.25,50.25,36.1,29.85,3,M
128,33.05,44.1,48.4,33.7,26.35,1,XS
129,31.7,44.9,50.0,34.85,26.0,1,XS
130,32.3,47.25,48.0,39.7,28.7,4,S
131,36.4,49.35,51.7,37.75,30.95,0,L
132,34.05,49.7,49.75,34.65,29.75,3,M
133,33.9,44.25,48.65,32.6,25.75,1,XS
134,35.5,47.4,48.4,38.5,28.9,0,L
135,36.0,49.75,53.45,38.1,29.05,0,L
136,32.35,44.1,52.9,37.0,24.05,3,M
137,33.4,43.05,50.25,35.25,26.05,1,XS
138,34.05,47.65,48.1,39.95,28.95,0,L
139,33.0,46.5,49.4,35.65,28.3,3,M
140,34.75,45.25,48.15,33.05,26.85,1,XS
141,34.0,52.35,52.15,40.5,33.1,0,L
142,33.05,49.6,46.5,40.85,30.15,0,L
143,33.2,46.5,50.65,37.8,26.8,3,M
144,36.25,49.35,52.7,37.6,29.75,0,L
145,33.35,46.0,50.25,35.5,26.85,3,M
146,36.1,47.7,48.3,36.4,29.1,3,M
147,32.6,47.6,51.25,36.3,28.0,3,M
148,31.3,42.65,51.15,33.2,25.3,1,XS
149,36.2,50.3,48.05,42.75,31.75,2,XL
150,36.65,51.65,51.6,40.0,30.7,0,L
151,34.9,49.6,51.5,38.25,28.15,0,L
152,33.05,45.65,48.15,31.9,26.75,1,XS
153,32.9,48.95,53.1,38.9,28.45,0,L
154,34.65,53.45,48.6,46.9,33.15,2,XL
155,32.95,49.2,49.2,34.15,28.75,3,M
156,32.4,46.1,46.85,36.8,28.4,3,M
157,32.8,44.35,51.5,35.85,26.05,3,M
158,31.25,45.1,46.65,34.7,27.1,1,XS
159,34.15,47.6,47.75,35.75,29.4,3,M
160,33.5,44.7,51.85,32.55,26.0,1,XS
161,35.65,48.0,53.65,34.65,29.1,3,M
162,33.95,46.95,52.85,36.9,27.25,3,M
163,34.05,49.25,47.1,40.85,30.3,0,L
164,33.75,44.9,47.55,34.8,26.8,1,XS
165,31.95,49.25,50.25,39.8,29.7,0,L
166,34.45,46.0,50.05,36.05,27.25,3,M
167,33.15,46.0,51.0,36.55,28.1,3,M
168,33.85,47.8,51.55,35.75,27.45,3,M
169,32.15,45.5,48.6,36.5,27.45,3,M
170,35.7,51.7,51.2,40.4,31.35,0,L
171,35.0,48.0,53.9,34.2,28.55,3,M
172,35.95,50.9,50.8,46.55,30.5,2,XL
173,32.9,43.7,49.35,33.6,25.7,1,XS
174,36.95,53.9,50.05,39.9,32.35,0,L
175,33.65,45.55,48.3,36.25,27.05,3,M
176,36.45,51.25,52.5,42.1,30.1,0,L
177,34.55,47.7,50.25,36.3,29.2,3,M
178,34.95,48.5,52.95,41.15,30.0,0,L
180,31.8,42.6,50.1,31.9,25.95,1,XS
181,33.6,46.05,48.75,38.55,28.95,3,M
182,30.4,42.65,47.1,34.05,25.75,1,XS
183,32.8,45.75,49.05,37.2,28.15,3,M
184,33.05,47.0,47.8,37.85,28.35,3,M
185,31.5,43.95,51.5,30.55,25.6,1,XS
186,34.9,46.35,51.3,33.1,27.3,3,M
187,33.95,45.8,48.8,35.2,27.45,3,M
188,34.5,51.5,49.75,41.3,30.6,0,L
189,30.7,43.35,46.75,32.65,25.85,1,XS
191,36.15,49.75,49.6,41.6,29.05,0,L
192,32.9,48.7,54.65,33.8,28.45,3,M
193,36.95,48.55,54.65,40.95,29.45,0,L
194,33.75,48.9,48.6,36.65,29.55,3,M
195,33.25,45.95,50.5,32.45,26.0,1,XS
196,31.95,46.6,47.6,34.1,26.4,1,XS
198,33.1,46.15,50.15,39.85,26.7,4,S
199,31.9,44.7,46.3,33.4,26.8,1,XS
200,33.7,46.9,49.5,35.05,27.05,3,M
201,31.15,42.85,48.25,32.35,24.0,1,XS
202,33.05,47.35,52.75,39.2,27.65,3,M
203,34.4,48.85,52.85,38.25,28.7,0,L
204,34.3,50.0,50.05,43.85,29.25,2,XL
207,31.8,45.65,50.0,34.95,27.15,3,M
208,28.75,42.9,49.15,33.15,23.45,1,XS
209,33.55,47.45,50.9,37.75,28.05,3,M
210,33.15,46.3,49.15,37.25,27.0,3,M
211,32.8,43.0,50.4,31.9,25.75,1,XS
212,33.05,48.35,48.6,39.1,27.95,0,L
213,32.95,45.4,50.8,33.75,27.2,3,M
214,33.15,49.8,48.75,41.9,31.4,0,L
215,33.1,46.75,49.4,35.1,27.95,3,M
216,31.4,45.6,48.9,34.85,25.6,1,XS
217,32.75,43.0,48.5,36.4,25.55,1,XS
218,33.25,46.1,50.5,38.15,27.35,3,M
219,34.5,49.0,49.8,43.6,30.1,2,XL
220,36.25,50.45,47.8,41.25,30.35,0,L
221,34.2,48.6,48.15,43.15,30.65,2,XL
222,34.45,51.75,51.7,40.8,30.75,0,L
223,32.3,45.2,51.4,36.35,25.9,3,M
224,32.4,44.2,49.65,35.2,26.9,3,M
225,31.9,46.0,48.3,33.85,26.25,1,XS
226,31.4,42.95,51.1,35.75,25.55,1,XS
227,33.5,44.9,51.85,34.15,28.3,3,M
228,31.75,44.2,51.8,35.7,25.6,3,M
229,35.2,45.9,53.5,34.8,25.45,3,M
230,35.25,50.55,50.55,40.85,30.9,0,L
231,34.75,50.5,52.9,42.45,29.5,0,L
232,34.4,48.4,48.8,41.45,30.7,0,L
234,32.7,48.0,50.9,42.4,27.7,0,L
235,35.6,44.9,51.8,40.65,26.25,4,S
236,33.8,48.25,47.35,42.6,28.3,4,S
237,35.25,50.15,52.85,35.85,28.5,0,L
238,33.4,43.35,48.25,34.85,26.65,1,XS
239,30.15,44.6,48.4,34.75,25.05,1,XS
241,33.45,46.6,53.45,35.95,27.05,3,M
242,33.25,46.45,47.55,38.15,30.4,3,M
243,34.8,49.1,53.65,37.9,29.4,0,L
244,34.85,44.2,50.75,34.4,26.95,3,M
245,32.85,48.25,51.25,36.6,29.95,3,M
246,33.4,47.25,51.35,35.95,27.5,3,M
247,32.3,44.6,46.8,31.75,25.85,1,XS
248,33.6,46.4,50.45,38.25,28.5,3,M
249,30.1,41.2,45.4,32.15,24.9,1,XS
251,31.9,45.9,49.0,35.0,25.35,1,XS
252,32.65,47.2,47.15,38.9,27.25,4,S
253,33.7,47.85,49.7,37.35,26.5,3,M
254,36.0,49.7,53.75,39.4,31.15,0,L
255,33.25,48.25,50.15,40.2,28.2,0,L
256,35.15,45.85,49.75,35.2,27.0,3,M
257,35.4,53.6,48.15,46.9,32.15,2,XL
258,32.65,46.8,50.2,36.9,30.25,3,M
259,33.5,45.25,49.2,35.55,26.45,3,M
260,31.95,45.45,49.85,32.9,27.15,1,XS
261,33.4,43.75,49.05,37.7,24.7,3,M
262,31.7,45.75,51.0,35.15,27.4,3,M
263,35.3,49.75,52.0,40.7,29.2,0,L
264,31.8,44.5,52.0,33.4,25.4,1,XS
265,29.15,42.9,47.25,34.65,26.1,1,XS
266,33.4,46.5,50.7,34.15,29.0,3,M
267,34.1,48.5,50.95,37.45,30.65,0,L
268,36.55,52.55,50.1,42.2,33.0,2,XL
269,30.65,44.45,46.4,32.65,27.5,1,XS
270,33.65,49.45,48.25,39.15,31.55,0,L
272,34.05,51.35,50.15,38.9,30.3,0,L
274,32.8,47.15,47.9,38.7,30.7,0,L
275,29.95,44.4,50.55,35.2,26.3,1,XS
276,32.75,44.75,48.6,38.6,28.45,4,S
277,32.75,47.25,52.75,39.75,27.25,0,L
278,36.2,51.4,53.6,44.9,32.3,2,XL
279,35.3,49.6,52.5,42.2,28.7,0,L
280,34.75,49.4,53.0,39.3,30.55,0,L
281,33.7,49.95,50.95,45.8,31.5,2,XL
282,34.15,49.9,51.5,36.15,31.65,0,L
283,28.75,42.75,48.65,35.15,25.45,1,XS
284,36.7,48.1,48.4,37.95,31.8,0,L
285,31.75,48.2,49.3,36.8,30.65,3,M
287,35.5,48.25,51.0,40.55,31.9,0,L
288,33.15,46.85,49.65,37.75,28.5,3,M
289,31.35,44.75,47.7,33.55,27.2,1,XS
290,34.7,51.05,51.25,40.0,33.7,0,L
291,33.75,50.5,46.35,40.4,32.45,0,L
292,32.05,48.55,47.1,39.4,31.0,0,L
293,31.4,44.6,47.4,35.3,27.8,1,XS
294,32.8,43.7,50.8,32.45,27.85,1,XS
295,32.2,42.7,48.7,32.75,27.5,1,XS
296,34.1,47.0,50.1,35.75,30.85,3,M
297,30.15,42.8,49.3,32.5,27.7,1,XS
298,33.85,50.05,51.25,38.75,30.1,0,L
299,34.9,46.1,51.25,37.45,30.1,3,M
300,33.9,49.75,50.25,41.45,31.25,0,L
301,34.55,46.65,47.0,36.5,29.05,3,M
302,34.0,46.75,50.5,36.15,29.6,3,M
303,35.35,48.15,53.0,36.65,28.55,3,M
304,34.75,49.65,52.0,36.1,31.8,0,L
305,35.8,50.65,51.7,40.2,32.95,0,L
307,35.7,50.4,48.35,43.95,32.75,2,XL
308,31.95,44.5,47.35,35.85,29.4,3,M
309,32.5,45.55,48.25,35.15,27.95,3,M
310,34.75,48.75,50.75,44.05,29.05,2,XL
311,33.9,45.4,49.4,31.45,26.05,1,XS
312,33.9,48.5,47.85,38.7,31.5,0,L
313,33.4,45.75,53.1,37.7,27.9,3,M
314,29.55,40.8,48.6,30.8,25.45,1,XS
315,35.2,50.0,52.95,40.95,31.5,0,L
316,33.3,46.45,51.05,35.65,29.5,3,M
318,31.6,44.75,51.1,34.7,32.7,3,M
319,31.7,45.0,49.2,33.55,28.7,3,M
320,30.8,45.15,49.4,34.3,27.3,1,XS
321,30.7,41.55,48.55,31.7,24.8,1,XS
322,31.3,47.85,50.9,32.7,29.35,3,M
323,33.5,46.4,49.05,38.6,30.15,0,L
324,34.7,49.6,49.8,42.65,30.4,0,L
325,30.75,45.45,48.75,35.9,27.55,3,M
326,33.25,48.35,50.75,37.25,29.2,3,M
327,32.6,47.2,51.45,41.3,27.95,0,L
328,35.15,49.8,49.7,43.25,33.75,2,XL
329,34.25,47.4,50.4,37.05,29.65,3,M
330,32.55,48.35,46.1,37.1,32.15,0,L
331,31.5,45.75,49.15,35.8,29.4,3,M
332,33.3,46.35,52.7,36.45,28.95,3,M
333,31.5,47.85,49.7,36.5,31.05,3,M
334,30.9,45.5,47.95,32.25,27.85,1,XS
335,33.1,46.5,50.5,37.25,30.0,3,M
336,33.9,51.1,50.1,42.95,33.1,2,XL
337,33.7,44.95,51.0,35.4,29.05,3,M
338,32.65,46.65,48.85,33.0,30.35,3,M
339,35.5,50.5,49.9,42.2,32.65,0,L
340,33.1,46.85,52.2,37.15,29.65,3,M
341,30.4,45.3,51.35,34.65,28.0,3,M
342,33.3,48.4,49.05,37.9,32.05,0,L
343,33.65,45.85,48.2,33.05,28.8,3,M
344,32.4,44.95,49.7,37.5,28.95,3,M
347,32.4,43.35,48.25,30.25,26.25,1,XS
348,30.7,43.4,50.1,33.05,26.75,1,XS
349,31.55,45.1,50.5,33.7,28.6,3,M
351,35.0,47.0,50.35,36.7,30.6,3,M
353,33.75,46.25,46.4,39.65,31.3,4,S
354,32.5,45.65,49.85,35.2,29.15,3,M
355,30.1,45.65,48.25,34.85,27.9,1,XS
356,31.2,45.4,47.75,35.15,29.3,3,M
357,29.8,43.7,46.5,33.25,28.45,1,XS
358,31.0,43.5,50.7,34.45,26.25,1,XS
359,37.55,49.35,53.1,39.8,30.6,0,L
360,33.8,45.9,47.9,38.1,29.5,3,M
361,34.75,47.1,53.25,35.95,27.55,3,M
362,35.5,47.45,51.35,35.45,28.6,3,M
363,31.7,44.25,47.3,33.55,25.6,1,XS
364,34.15,47.2,49.35,35.2,28.3,3,M
365,32.15,44.3,49.3,32.85,26.55,1,XS
366,32.25,45.0,49.0,31.15,26.45,1,XS
367,33.8,47.95,50.7,34.5,28.6,3,M
368,32.4,45.3,52.45,35.1,27.75,3,M
369,35.85,50.75,50.4,43.9,31.8,2,XL
370,32.85,47.4,50.1,38.2,27.35,3,M
372,35.7,49.75,50.7,38.55,32.05,0,L
373,34.65,49.8,49.1,39.4,31.6,0,L
374,33.4,46.75,47.85,35.2,29.25,3,M
375,36.25,51.8,52.15,38.8,31.75,0,L
376,32.9,44.4,50.35,36.3,26.7,3,M
377,34.8,49.85,51.25,36.6,30.45,0,L
378,32.55,48.0,49.05,39.7,27.85,4,S
379,31.75,46.05,48.4,35.75,28.2,3,M
380,37.8,51.65,51.0,45.9,32.95,2,XL
381,31.75,47.25,50.6,35.1,28.05,3,M
382,36.95,46.55,54.2,35.0,28.85,3,M
383,31.65,46.0,51.5,31.1,25.55,1,XS
384,31.8,44.4,46.4,32.35,26.95,1,XS
385,32.25,44.15,49.1,32.65,26.55,1,XS
386,36.65,53.8,50.5,38.65,32.9,0,L
387,32.55,48.1,48.2,41.05,27.7,4,S
388,35.35,49.65,52.05,37.4,31.2,0,L
389,34.8,46.1,48.85,33.4,28.25,3,M
390,32.65,46.15,51.45,33.95,26.45,3,M
391,36.75,50.5,50.85,40.85,30.15,0,L
392,29.7,43.25,49.4,32.35,25.15,1,XS
393,33.35,45.65,48.0,35.55,28.95,3,M
394,33.5,46.35,50.9,33.5,27.3,3,M
395,34.1,45.25,51.05,34.05,26.8,3,M
396,31.05,44.5,48.7,33.9,26.0,1,XS
397,30.25,44.0,50.45,31.85,25.8,1,XS
398,33.7,46.95,52.15,38.85,27.6,3,M
399,30.15,41.85,49.65,32.1,23.85,1,XS
400,36.55,49.4,51.65,36.4,29.05,0,L
401,35.4,48.5,52.4,33.85,29.05,3,M
402,33.9,46.0,48.95,32.55,28.55,3,M
404,34.8,47.55,51.1,36.0,27.85,3,M
405,34.0,46.3,51.1,37.95,27.15,3,M
406,31.1,43.4,47.65,36.6,24.7,1,XS
407,31.9,45.1,50.6,33.45,25.95,1,XS
408,31.4,44.8,50.45,37.55,25.9,3,M
409,34.9,49.9,50.65,42.85,31.45,0,L
410,33.95,48.05,52.1,38.7,28.6,0,L
411,32.05,44.4,49.65,35.7,27.25,3,M
412,32.25,43.7,48.05,33.2,27.1,1,XS
413,38.0,53.4,52.45,39.6,32.1,0,L
414,32.5,47.5,49.05,33.65,28.65,3,M
415,31.8,44.6,52.2,32.85,25.3,1,XS
416,31.0,43.3,47.6,31.25,25.05,1,XS
417,32.65,44.45,49.95,32.85,26.6,1,XS
418,32.8,48.0,48.65,40.3,30.3,0,L
419,34.2,49.65,51.85,42.45,30.45,0,L
420,35.1,50.8,48.3,44.4,31.2,2,XL
422,35.4,47.25,52.7,38.45,28.2,0,L
423,34.3,47.35,53.75,35.5,27.9,3,M
424,32.4,45.6,52.65,32.9,28.05,3,M
425,31.25,45.55,51.1,40.25,28.55,4,S
426,29.8,42.65,48.7,32.25,25.95,1,XS
427,37.65,53.35,52.15,43.5,31.6,2,XL
428,34.9,49.8,48.75,39.05,29.65,0,L
429,37.35,51.55,49.5,42.35,31.25,2,XL
430,30.9,41.3,50.8,30.05,23.85,1,XS
431,34.75,49.75,51.45,37.2,30.05,0,L
432,30.9,42.65,47.8,32.05,24.65,1,XS
433,30.95,43.9,49.55,32.65,24.15,1,XS
434,29.5,42.2,48.9,32.35,24.15,1,XS
435,31.25,42.5,49.0,32.7,25.5,1,XS
437,33.3,47.65,48.3,36.55,29.05,3,M
438,34.15,47.1,50.1,36.35,28.05,3,M
439,30.7,44.75,49.75,34.55,26.65,1,XS
441,31.7,43.5,50.1,33.95,25.3,1,XS
442,34.7,48.75,51.1,35.95,28.65,3,M
443,31.5,44.5,47.9,34.9,26.5,1,XS
444,36.45,53.45,50.35,49.75,32.6,2,XL
445,34.35,49.5,51.65,37.7,28.9,0,L
446,31.55,43.7,50.25,32.85,26.15,1,XS
447,35.3,47.3,49.25,42.6,29.95,0,L
448,34.35,46.9,47.85,34.75,29.35,3,M
449,35.1,47.9,49.0,37.35,28.55,3,M
450,31.35,44.3,51.05,35.2,25.8,1,XS
451,34.1,44.9,51.35,35.0,26.6,3,M
452,30.6,42.5,46.5,35.2,24.5,1,XS
453,34.95,46.55,51.5,37.45,27.85,3,M
454,31.55,45.95,49.25,37.75,27.45,3,M
455,36.8,49.6,51.2,40.5,30.6,0,L
456,36.15,49.7,51.7,41.0,30.4,0,L
458,31.05,43.45,50.85,31.95,25.4,1,XS
459,31.5,44.5,50.75,34.35,25.6,1,XS
460,34.5,48.65,49.4,40.9,30.75,0,L
461,36.75,49.25,52.3,42.0,30.45,0,L
462,36.75,50.3,51.85,38.5,30.25,0,L
463,31.2,44.0,48.15,36.7,26.4,1,XS
464,31.75,45.4,49.3,32.45,27.0,1,XS
465,30.2,42.8,50.4,33.05,24.8,1,XS
466,31.15,43.2,47.1,32.7,26.45,1,XS
467,35.3,45.65,50.5,36.0,27.25,3,M
468,34.25,45.85,48.85,34.1,27.05,3,M
469,32.15,47.4,52.2,38.0,28.4,3,M
470,36.35,49.6,52.4,38.7,29.75,0,L
471,33.65,45.65,47.75,35.75,27.0,3,M
472,34.05,44.35,54.4,33.8,26.8,3,M
473,31.65,42.95,48.15,31.45,24.9,1,XS
474,33.8,46.75,51.55,38.0,26.5,3,M
475,33.5,47.35,50.1,37.5,28.45,3,M
476,34.4,48.25,48.2,38.15,30.3,0,L
477,30.15,42.05,48.0,34.55,25.1,1,XS
478,32.9,46.65,48.65,35.65,27.65,3,M
479,34.8,47.8,47.75,38.35,27.05,4,S
480,32.9,44.2,51.8,35.0,26.4,3,M
481,34.3,46.9,51.1,40.65,28.0,0,L
482,32.8,44.85,51.75,37.05,26.45,3,M
483,34.65,46.75,52.95,32.3,28.8,3,M
484,33.2,45.15,50.6,36.9,27.65,3,M
485,34.1,46.75,47.25,36.55,27.85,3,M
486,34.8,50.15,51.6,40.05,29.95,0,L
487,36.6,49.6,50.3,38.05,28.85,0,L
488,31.35,44.1,48.0,31.55,25.75,1,XS
489,34.2,46.75,49.6,35.3,28.55,3,M
490,32.3,45.7,51.95,37.35,27.35,3,M
491,32.4,43.75,49.05,33.25,26.6,1,XS
492,30.8,42.6,50.05,32.8,26.1,1,XS
493,33.45,47.85,52.4,33.95,28.1,3,M
495,34.4,43.9,48.75,37.75,25.25,3,M
496,32.6,41.3,48.25,32.45,25.15,1,XS
497,37.3,54.15,51.15,43.95,33.25,2,XL
499,36.15,52.1,49.45,41.4,31.6,0,L
500,35.85,44.8,51.6,32.65,27.95,3,M
501,34.65,48.0,53.15,37.35,28.75,3,M
502,33.35,43.5,49.0,35.05,25.7,1,XS
503,33.25,45.65,51.8,32.85,27.55,3,M
504,32.25,43.45,49.75,33.15,26.25,1,XS
505,32.65,44.05,47.4,31.6,27.3,1,XS
506,34.9,50.45,52.05,40.7,30.85,0,L
507,34.9,50.5,50.35,39.35,31.25,0,L
508,31.55,44.75,48.65,30.4,25.8,1,XS
509,35.7,50.2,51.35,39.6,30.8,0,L
510,32.65,47.95,49.6,37.2,28.05,3,M
511,36.55,48.2,53.35,39.0,29.85,0,L
512,35.6,51.1,51.1,39.9,30.55,0,L
513,32.5,46.0,49.0,35.5,27.45,3,M
514,33.2,45.75,49.45,39.45,28.05,4,S
515,31.6,42.1,46.65,29.9,24.7,1,XS
516,32.6,42.8,50.9,34.65,25.65,1,XS
517,38.1,52.55,52.6,43.2,32.85,2,XL
518,35.55,46.65,48.05,37.7,28.3,3,M
519,32.45,46.2,50.95,35.45,26.5,3,M
520,30.75,43.5,50.95,35.35,25.2,1,XS
521,36.3,50.0,50.05,41.5,30.55,0,L
522,35.3,50.2,47.65,37.7,30.7,0,L
523,35.8,48.0,49.15,39.5,27.5,0,L
525,31.8,42.25,49.25,34.55,24.45,1,XS
526,33.25,50.2,48.65,38.9,29.7,0,L
527,34.4,46.2,53.4,35.55,26.85,3,M
529,33.55,45.55,50.1,33.15,27.2,3,M
530,31.65,47.0,51.3,33.05,27.65,3,M
531,32.8,46.45,49.8,36.65,27.6,3,M
532,31.4,43.25,48.65,33.15,25.7,1,XS
533,34.2,46.2,50.55,39.05,28.4,3,M
534,33.0,44.2,50.9,35.75,26.8,3,M
535,34.45,48.95,52.15,36.95,29.2,0,L
536,34.7,48.7,51.4,37.1,31.0,0,L
537,35.45,52.7,50.2,44.25,32.25,2,XL
539,32.15,45.1,47.7,35.75,27.35,3,M
540,33.4,47.35,49.15,34.4,26.6,3,M
541,37.3,50.15,52.55,40.3,31.55,0,L
542,34.2,44.15,50.3,32.35,26.25,1,XS
544,34.7,46.95,51.9,37.55,29.05,3,M
545,36.75,47.6,50.0,39.25,29.85,0,L
546,34.95,49.65,50.0,34.6,30.1,3,M
547,32.15,44.0,48.2,35.0,25.4,1,XS
548,34.55,44.9,51.1,33.7,27.1,3,M
549,36.05,47.45,54.5,39.0,27.8,0,L
550,31.2,43.85,51.15,36.7,26.75,3,M
551,36.05,48.2,50.4,40.2,30.2,0,L
552,34.2,46.0,50.95,33.1,27.8,3,M
553,33.75,44.0,49.65,40.15,28.0,4,S
554,33.85,47.6,51.5,37.1,28.7,3,M
555,32.3,44.45,49.75,33.1,26.45,1,XS
556,32.4,47.25,50.75,37.3,28.0,3,M
557,34.4,47.25,49.95,36.75,29.6,3,M
558,31.55,44.95,48.65,34.35,25.95,1,XS
559,30.65,42.9,49.2,33.4,25.65,1,XS
560,33.9,45.5,52.7,32.75,26.7,3,M
561,35.6,48.1,50.0,39.15,28.8,0,L
562,35.85,50.5,50.15,42.45,32.1,0,L
563,34.8,45.2,50.7,35.5,27.15,3,M
564,32.8,46.15,50.75,32.4,27.85,3,M
565,36.0,48.75,50.6,38.6,29.65,0,L
566,30.55,43.25,48.4,31.15,25.85,1,XS
567,33.4,46.35,51.55,35.65,27.05,3,M
568,34.8,49.55,52.7,38.75,29.6,0,L
569,34.75,45.6,53.35,33.5,27.4,3,M
570,33.2,45.85,48.1,34.65,28.8,3,M
571,32.4,48.65,48.8,39.0,28.4,0,L
572,31.9,43.5,48.45,32.5,26.75,1,XS
573,34.95,49.0,49.3,38.7,30.1,0,L
574,31.55,43.4,48.0,33.0,25.9,1,XS
575,33.25,45.1,48.35,38.35,27.6,4,S
576,31.75,44.05,50.25,36.5,25.3,1,XS
577,30.95,43.55,46.5,34.9,26.15,1,XS
578,34.0,46.3,50.7,36.2,28.1,3,M
579,30.55,40.75,49.7,28.6,23.0,1,XS
580,35.85,50.35,50.1,43.6,28.35,2,XL
581,33.35,46.2,49.1,40.4,28.5,4,S
582,32.5,44.0,52.65,33.4,25.75,1,XS
583,31.85,44.35,47.15,37.55,25.95,4,S
584,33.25,46.4,49.25,39.4,26.9,4,S
585,34.2,47.25,50.05,37.9,27.9,3,M
587,32.65,44.2,49.75,34.5,26.665,1,XS
589,36.55,50.2,48.7,40.25,31.55,0,L
590,34.1,47.0,51.75,36.2,29.9,3,M
591,38.2,52.55,52.35,39.05,31.7,0,L
592,32.1,44.95,49.35,37.5,27.05,3,M
593,34.2,45.25,49.8,35.9,27.9,3,M
594,33.55,45.4,52.7,34.9,29.1,3,M
595,31.9,44.35,47.5,33.95,26.4,1,XS
596,31.15,41.85,49.15,30.05,24.2,1,XS
597,36.05,49.5,49.15,40.15,28.95,0,L
598,31.55,44.5,49.15,37.7,26.8,3,M
599,33.25,42.2,48.45,33.2,24.75,1,XS
600,33.1,46.1,48.15,35.1,28.9,3,M
601,33.15,43.7,51.0,31.1,25.3,1,XS
602,33.55,46.3,51.65,36.6,28.65,3,M
603,32.8,45.95,50.55,36.75,28.35,3,M
604,35.7,47.25,52.3,37.1,28.35,3,M
605,34.75,48.3,48.45,38.8,27.7,0,L
606,35.25,50.05,48.35,42.4,32.9,2,XL
607,35.0,49.2,52.25,34.65,29.55,3,M
608,35.95,50.0,52.75,38.8,29.85,0,L
609,32.5,44.9,49.65,36.45,26.75,3,M
610,30.85,40.75,50.9,31.7,23.8,1,XS
611,31.45,43.65,48.1,32.9,26.35,1,XS
612,37.05,47.7,51.1,35.45,29.15,3,M
613,33.85,46.65,51.75,37.2,26.85,3,M
614,34.85,50.55,53.1,37.35,30.95,0,L
615,33.5,45.5,50.25,36.75,25.9,3,M
616,32.0,42.5,49.3,31.95,26.35,1,XS
617,34.0,47.15,50.95,39.8,28.5,0,L
618,35.0,45.95,50.5,37.4,28.25,3,M
619,32.0,42.0,48.4,34.35,24.15,1,XS
620,37.9,54.4,51.9,42.25,33.55,2,XL
621,31.35,42.85,51.2,32.1,25.15,1,XS
622,34.25,47.1,52.9,36.4,27.5,3,M
623,33.15,44.45,52.15,35.9,25.75,3,M
624,35.15,48.35,49.75,37.4,30.6,0,L
625,34.55,47.4,50.85,42.25,28.2,0,L
626,30.4,40.55,51.0,29.2,22.7,1,XS
627,31.4,45.4,47.15,37.8,26.1,4,S
628,31.8,44.7,47.85,34.6,26.85,1,XS
629,36.15,51.25,52.95,37.0,30.05,0,L
630,34.65,49.0,50.9,37.35,29.75,0,L
631,32.25,47.3,50.6,34.9,27.25,3,M
632,32.25,46.0,51.75,36.25,27.55,3,M
634,31.65,46.1,49.95,32.9,26.1,1,XS
635,32.8,43.95,50.9,33.0,25.1,1,XS
636,30.4,44.4,49.6,35.75,26.3,1,XS
637,31.0,44.25,51.1,32.75,26.3,1,XS
638,32.3,46.05,49.3,38.0,29.0,3,M
639,35.1,51.05,51.8,41.55,30.4,0,L
642,34.3,49.1,51.1,38.05,29.75,0,L
643,29.25,42.25,48.15,33.65,23.95,1,XS
644,33.25,48.6,48.25,39.65,29.25,0,L
645,35.05,48.1,50.85,39.65,31.7,0,L
646,33.35,46.2,53.6,36.5,29.15,3,M
647,34.3,51.3,50.2,39.35,32.2,0,L
648,30.5,41.95,47.35,32.9,24.1,1,XS
649,33.8,47.0,51.0,37.25,27.4,3,M
650,38.0,52.85,50.35,48.85,33.3,2,XL
651,31.4,45.7,50.5,35.25,27.05,3,M
652,34.6,49.35,49.6,38.8,30.9,0,L
653,32.45,45.4,50.5,35.75,27.1,3,M
654,33.25,48.35,50.65,39.25,28.8,0,L
655,31.1,43.75,47.05,36.25,25.9,1,XS
656,34.25,45.65,51.55,36.0,28.05,3,M
657,35.6,49.5,50.25,40.1,28.85,0,L
658,32.55,44.4,51.1,35.25,26.5,3,M
659,35.0,46.7,51.55,38.35,26.55,3,M
660,35.0,49.95,48.6,41.2,32.0,0,L
661,36.15,51.2,52.2,40.4,31.0,0,L
662,35.7,47.55,51.5,36.15,27.1,3,M
663,36.1,49.45,53.25,38.0,30.15,0,L
664,30.05,43.5,50.25,30.85,25.55,1,XS
665,36.85,48.85,53.7,35.1,30.05,3,M
666,32.5,48.95,47.85,41.85,29.05,4,S
667,30.8,45.0,48.8,35.45,26.55,1,XS
668,33.4,44.85,51.25,34.3,26.25,3,M
669,32.2,45.1,46.6,32.8,27.0,1,XS
670,34.75,49.3,52.25,43.25,29.05,0,L
671,32.5,41.9,48.5,29.75,23.65,1,XS
672,29.75,42.95,48.1,33.5,25.25,1,XS
673,34.55,47.35,53.1,35.05,27.95,3,M
674,35.45,53.0,54.15,41.4,31.7,0,L
675,34.8,47.6,51.05,43.35,28.2,0,L
676,34.65,50.5,51.6,40.9,31.05,0,L
677,34.05,47.0,52.6,35.4,27.6,3,M
678,33.05,45.7,48.7,34.85,29.45,3,M
679,30.35,42.95,47.35,33.95,24.75,1,XS
680,31.9,44.45,51.1,34.2,25.4,1,XS
681,34.45,49.1,49.45,37.6,30.05,0,L
682,32.25,46.15,49.75,33.7,27.45,3,M
683,32.6,43.75,48.55,37.65,26.2,3,M
684,33.2,41.9,49.15,32.35,24.75,1,XS
685,33.75,46.55,48.45,36.65,29.0,3,M
686,33.9,50.45,52.3,40.3,31.35,0,L
687,34.9,46.2,50.45,35.9,27.8,3,M
688,34.5,46.35,51.5,34.35,26.5,3,M
689,35.05,47.0,54.8,34.6,27.3,3,M
690,35.5,48.45,48.65,38.95,30.0,0,L
691,33.25,46.7,47.6,36.1,26.3,3,M
692,32.9,45.3,51.8,33.75,24.95,1,XS
693,33.55,47.15,50.1,35.85,27.7,3,M
694,32.65,47.0,51.1,35.1,27.25,3,M
695,35.45,49.9,49.75,41.0,31.6,0,L
696,32.8,45.65,49.7,33.7,26.25,1,XS
697,32.0,44.2,46.05,32.45,26.45,1,XS
698,31.85,43.2,49.3,33.45,24.55,1,XS
700,35.3,49.0,50.25,40.8,28.55,0,L
702,32.55,42.9,51.4,31.5,25.1,1,XS
703,33.7,50.95,50.2,35.8,29.95,0,L
704,33.2,47.6,50.6,40.15,28.1,0,L
705,32.4,44.8,48.9,33.45,25.85,1,XS
706,32.25,44.95,51.95,33.2,25.8,1,XS
707,34.35,46.7,50.95,35.0,27.65,3,M
708,32.35,45.7,48.7,31.55,26.45,1,XS
709,34.4,49.75,47.85,40.2,29.3,0,L
711,30.65,41.55,46.9,32.35,24.4,1,XS
712,33.9,44.25,46.15,36.3,26.0,1,XS
713,34.95,50.3,47.15,42.3,29.25,2,XL
714,33.15,42.7,50.6,30.95,24.6,1,XS
715,33.4,47.5,48.45,38.45,29.0,0,L
716,33.0,44.75,49.7,34.9,26.5,3,M
717,30.15,44.85,48.85,31.2,24.95,1,XS
718,34.25,46.75,50.75,35.8,27.55,3,M
719,32.25,44.55,48.0,33.5,25.7,1,XS
720,35.5,51.05,49.65,39.65,32.65,0,L
721,34.3,44.45,48.95,32.55,25.5,1,XS
722,34.65,48.25,52.25,42.7,28.15,0,L
723,34.85,49.35,47.15,40.45,31.95,0,L
724,36.8,49.35,50.35,41.25,29.9,0,L
725,32.3,44.0,51.65,33.2,25.7,1,XS
726,34.9,46.95,52.95,34.7,27.65,3,M
727,30.5,41.75,46.55,31.4,25.75,1,XS
728,36.25,48.2,49.35,33.2,29.1,3,M
729,34.4,47.0,48.45,36.9,28.65,3,M
730,33.4,46.1,49.4,34.05,27.6,3,M
731,32.75,46.0,50.9,35.5,26.6,3,M
732,34.7,50.15,48.6,38.5,29.45,0,L
734,33.6,46.0,50.15,33.05,27.85,3,M
735,33.5,48.15,49.9,35.9,28.55,3,M
736,33.5,47.0,50.0,32.45,25.95,3,M
737,35.0,47.5,49.85,33.0,28.7,3,M
738,34.25,46.05,48.85,35.7,28.3,3,M
739,32.3,44.2,47.35,37.65,26.4,4,S
740,37.3,50.0,50.2,38.25,29.7,0,L
742,37.3,47.5,49.0,38.25,28.45,0,L
743,33.15,46.25,49.1,34.05,28.3,3,M
744,32.9,44.55,49.4,34.3,26.75,1,XS
745,32.6,43.3,47.85,34.15,25.25,1,XS
746,33.35,43.5,51.9,33.35,24.75,1,XS
747,35.35,48.5,49.05,40.0,28.8,0,L
748,35.8,49.6,52.5,38.3,31.25,0,L
749,31.6,43.05,47.0,32.45,27.15,1,XS
750,31.7,44.1,47.05,33.95,25.75,1,XS
751,37.15,51.2,49.7,43.6,30.15,2,XL
752,35.1,48.15,50.5,39.5,28.8,0,L
753,37.75,50.7,50.1,37.8,30.05,0,L
754,32.8,45.4,46.45,34.5,26.5,1,XS
755,36.25,50.8,49.9,39.8,31.05,0,L
757,32.25,43.3,49.3,30.85,26.1,1,XS
758,36.0,49.05,49.2,43.0,30.1,2,XL
759,33.9,48.4,50.0,36.75,28.75,3,M
761,32.65,45.6,48.5,38.0,28.7,3,M
762,32.6,43.9,46.6,33.95,27.45,1,XS
763,31.25,45.15,50.85,31.95,26.65,1,XS
764,32.75,43.95,50.25,35.65,25.6,1,XS
765,31.5,43.45,51.0,33.0,24.95,1,XS
766,32.4,46.55,48.65,36.95,27.9,3,M
767,33.95,45.75,46.5,38.95,27.55,4,S
768,31.45,43.25,48.3,34.95,25.25,1,XS
769,33.3,47.0,48.45,41.0,26.55,4,S
771,31.6,43.6,46.35,37.25,25.6,1,XS
773,31.8,44.85,50.25,33.5,25.45,1,XS
775,32.0,43.95,46.6,36.2,26.2,1,XS
776,35.1,48.95,49.1,39.45,28.6,0,L
777,34.7,49.4,50.75,45.55,29.75,2,XL
778,31.9,44.5,47.9,35.65,27.0,1,XS
779,35.5,47.15,51.65,36.4,28.95,3,M
780,37.0,48.25,50.25,35.05,29.6,3,M
781,33.9,47.2,51.25,38.0,28.05,3,M
782,33.4,46.15,47.25,34.85,27.35,3,M
783,32.05,45.0,48.75,36.6,26.45,3,M
784,32.6,46.25,52.0,32.9,26.65,3,M
785,36.2,44.75,50.75,35.3,27.15,3,M
786,33.1,49.2,49.95,38.9,29.95,0,L
787,32.3,44.75,46.2,31.65,25.7,1,XS
788,37.25,53.15,47.95,47.75,33.4,2,XL
790,32.4,46.6,47.15,37.9,27.9,4,S
792,33.4,46.45,48.9,34.8,27.85,3,M
793,35.3,48.55,48.65,37.25,27.55,3,M
794,31.75,45.65,53.0,33.75,26.25,3,M
795,36.25,50.0,48.0,40.75,31.4,0,L
796,32.3,46.25,46.85,36.0,28.6,3,M
797,32.25,45.8,51.8,37.9,28.6,3,M
798,34.6,49.85,51.65,42.15,30.7,0,L
799,32.8,46.3,50.25,32.5,27.35,3,M
800,33.9,47.9,52.5,37.05,28.25,3,M
801,34.15,48.0,50.25,39.4,28.55,0,L
802,34.05,47.3,51.25,36.35,29.05,3,M
803,31.85,44.0,50.5,32.75,24.25,1,XS
804,36.25,52.0,49.7,40.2,32.05,0,L
805,36.45,49.4,49.85,40.45,30.0,0,L
806,33.45,42.55,50.5,32.65,24.75,1,XS
807,34.0,49.35,49.4,42.5,29.45,0,L
808,32.85,43.0,52.15,31.55,26.15,1,XS
809,31.7,46.45,52.15,36.1,26.65,3,M
810,33.95,47.4,49.9,38.15,28.8,3,M
811,33.7,48.05,49.5,36.6,29.05,3,M
813,31.65,44.25,49.55,35.95,25.8,1,XS
814,32.25,46.9,51.5,34.8,26.6,3,M
815,30.75,46.75,49.45,34.6,27.05,3,M
816,31.45,46.6,48.7,34.6,26.95,3,M
817,33.55,48.05,51.5,36.2,29.95,3,M
818,31.2,44.15,48.9,33.25,27.1,1,XS
819,31.1,44.9,48.35,33.85,27.3,1,XS
820,37.2,53.65,46.25,46.9,33.9,2,XL
821,30.7,44.65,50.6,35.15,26.95,1,XS
822,31.6,47.0,49.65,36.6,29.7,3,M
823,32.7,45.25,48.75,37.4,28.1,3,M
824,34.7,49.0,48.65,40.45,29.55,0,L
825,31.25,44.85,50.0,33.0,27.35,1,XS
826,30.5,45.1,49.5,33.9,26.55,1,XS
827,32.3,50.35,51.25,38.35,29.45,0,L
828,32.85,44.55,50.25,35.65,26.55,3,M
829,31.35,44.55,50.25,33.0,24.8,1,XS
830,35.1,48.3,52.15,35.8,30.05,3,M
831,32.4,46.0,48.85,37.2,26.05,3,M
833,33.1,45.4,53.05,36.75,25.7,3,M
834,30.8,42.2,48.0,34.95,24.85,1,XS
835,35.7,47.35,50.35,35.65,30.45,3,M
836,30.65,41.45,46.6,31.95,24.85,1,XS
837,34.45,49.4,50.65,41.75,30.05,0,L
838,30.45,41.85,49.15,31.25,23.75,1,XS
839,30.75,41.95,47.55,32.4,23.8,1,XS
840,30.95,43.8,51.55,34.9,25.6,1,XS
841,34.35,49.6,51.9,37.25,29.05,0,L
842,31.4,46.25,48.9,37.0,27.65,3,M
843,32.9,46.3,50.25,39.2,28.6,3,M
844,34.9,50.4,50.7,40.9,30.55,0,L
845,33.9,46.65,46.2,42.7,30.05,4,S
846,35.4,48.55,51.15,38.5,28.85,0,L
847,33.0,45.4,50.8,35.75,27.65,3,M
848,34.15,47.7,53.0,39.4,28.6,0,L
849,31.45,44.0,49.6,35.2,26.6,1,XS
850,28.7,41.4,48.25,31.4,24.65,1,XS
851,35.05,47.45,49.3,38.9,29.1,0,L
852,31.85,44.15,48.9,35.7,27.05,1,XS
853,31.6,45.4,49.05,35.9,27.75,3,M
854,33.55,47.45,48.35,38.5,26.85,4,S
855,31.0,46.05,45.9,47.7,25.2,4,S
856,29.25,44.25,46.85,34.25,24.9,1,XS
857,29.6,47.55,45.3,42.55,27.1,4,S
858,33.4,46.1,44.95,46.6,28.25,2,XL
859,33.5,48.1,50.4,42.85,27.05,0,L
860,32.5,47.45,47.8,44.1,27.55,4,S
861,31.3,45.85,49.0,41.15,25.6,4,S
862,32.3,45.6,48.0,39.1,26.95,4,S
863,31.8,46.1,49.55,37.45,27.0,3,M
864,32.7,46.3,45.2,42.25,26.25,4,S
865,31.0,44.35,44.3,42.7,25.3,4,S
866,31.1,48.85,45.75,44.35,27.95,4,S
867,31.75,45.65,46.9,37.4,25.65,4,S
868,32.85,47.25,49.4,37.85,27.0,3,M
869,32.15,45.9,47.5,36.9,27.45,3,M
870,31.95,47.4,45.0,39.7,30.25,4,S
871,36.35,50.65,49.5,44.25,32.3,2,XL
872,31.1,47.25,46.85,42.95,28.6,4,S
873,33.7,48.65,46.95,36.2,29.95,3,M
874,31.5,46.6,49.35,36.6,28.1,3,M
875,32.0,47.0,48.15,39.7,30.3,4,S
876,34.2,48.5,47.1,39.2,28.55,0,L
877,30.05,45.35,47.9,37.05,28.45,3,M
881,30.85,43.45,44.95,35.65,27.4,1,XS
883,32.75,47.95,49.9,38.55,30.2,0,L
884,32.3,44.65,49.6,36.6,25.75,3,M
885,31.7,43.7,49.15,36.4,26.25,1,XS
886,34.1,49.8,49.4,43.8,31.75,2,XL
887,34.1,49.2,47.75,45.95,30.55,2,XL
888,32.05,45.45,46.4,34.45,27.4,1,XS
889,33.5,48.0,44.6,43.6,29.7,4,S
891,32.5,46.75,47.5,42.45,28.2,4,S
892,32.5,46.4,46.1,42.1,28.9,4,S
893,34.5,47.35,45.25,40.6,29.1,4,S
894,33.8,45.75,48.95,38.35,27.2,3,M
895,34.25,49.2,47.75,39.25,31.15,0,L
896,35.6,49.5,51.15,41.7,29.1,0,L
897,37.65,53.0,49.0,47.2,33.95,2,XL
898,33.05,46.9,49.25,37.0,27.7,3,M
899,36.35,48.95,48.85,40.1,29.7,0,L
900,31.9,44.0,46.5,39.9,25.95,4,S
901,32.75,46.25,49.2,35.4,28.1,3,M
902,33.25,44.85,48.4,34.95,28.35,3,M
903,32.7,46.65,45.8,40.9,28.85,4,S
904,33.6,44.45,48.25,37.9,29.05,3,M
905,31.65,44.05,49.25,42.6,26.25,4,S
906,34.7,45.65,49.1,35.25,27.15,3,M
907,34.5,47.05,46.8,40.75,28.6,4,S
908,32.65,45.0,47.65,35.5,26.9,3,M
909,33.75,46.85,47.25,46.35,30.55,2,XL
910,32.75,48.4,48.75,40.0,30.95,0,L
911,30.7,42.1,44.55,37.1,26.1,1,XS
912,34.45,49.3,51.0,41.95,29.0,0,L
913,30.2,44.2,43.8,38.25,27.0,4,S
914,34.3,48.05,48.15,39.55,30.15,0,L
915,29.75,41.65,44.5,36.1,25.25,1,XS
916,34.2,47.2,49.65,35.95,29.0,3,M
917,32.2,46.4,45.9,42.05,27.3,4,S
918,33.0,46.85,48.0,33.95,28.7,3,M
919,32.45,48.35,46.0,45.75,30.7,2,XL
920,33.0,47.85,48.15,43.25,29.95,2,XL
921,32.3,45.85,44.6,41.6,28.95,4,S
922,34.0,51.45,47.15,42.65,33.6,2,XL
923,35.5,50.4,47.25,45.75,31.95,2,XL
924,31.75,46.75,49.3,41.8,26.85,4,S
925,29.15,42.4,44.8,37.8,23.65,1,XS
926,31.25,46.0,46.85,38.75,26.4,4,S
927,35.8,52.9,49.05,43.35,31.7,2,XL
928,34.8,47.95,50.35,38.25,27.55,0,L
929,34.75,47.95,50.8,41.45,28.65,0,L
930,37.0,50.45,50.5,44.35,30.3,2,XL
931,37.15,54.5,49.05,42.9,31.95,2,XL
932,31.75,49.0,46.75,43.15,28.45,4,S
933,34.4,46.95,47.1,42.25,26.7,4,S
934,33.55,47.3,47.75,44.75,28.55,2,XL
935,30.25,45.0,46.6,38.3,26.7,4,S
936,33.2,49.1,45.9,42.15,28.5,4,S
937,32.05,47.7,53.4,36.1,27.1,3,M
938,33.65,46.75,51.9,36.25,25.8,3,M
939,32.7,47.35,48.5,40.4,27.05,4,S
940,30.45,44.85,45.0,40.65,25.65,4,S
941,32.45,45.95,47.05,34.0,24.85,1,XS
942,30.95,43.7,48.0,37.2,25.4,1,XS
943,34.1,48.4,51.4,39.7,29.0,0,L
944,34.45,46.9,48.35,42.25,28.1,4,S
945,33.5,47.3,51.25,39.35,27.65,0,L
946,30.95,46.65,48.15,38.1,28.0,4,S
947,32.65,46.95,46.4,38.45,27.0,4,S
948,33.35,46.0,46.75,40.6,27.8,4,S
949,34.85,48.2,48.25,45.0,28.25,2,XL
950,35.0,47.75,49.1,40.25,26.75,4,S
951,32.35,46.6,49.1,36.35,27.8,3,M
952,32.15,44.65,44.85,39.75,25.05,4,S
953,35.2,49.7,52.1,40.25,28.45,0,L
954,33.7,47.95,47.6,50.3,28.1,2,XL
955,35.15,51.85,46.4,47.3,31.4,2,XL
956,29.35,43.0,43.8,36.35,24.85,1,XS
957,32.1,44.85,48.75,38.0,25.2,4,S
958,33.6,46.35,49.0,44.25,27.45,4,S
959,32.75,48.85,51.6,38.05,28.9,0,L
960,32.3,46.4,48.7,36.5,26.85,3,M
962,34.9,50.1,51.35,43.85,29.55,2,XL
963,32.5,47.4,53.5,37.05,25.45,3,M
964,32.65,43.65,47.4,32.25,24.45,1,XS
965,32.6,43.2,48.15,35.0,24.55,1,XS
966,31.95,47.4,46.85,39.5,27.85,4,S
967,35.6,48.75,48.9,45.45,29.05,2,XL
968,30.45,41.5,46.65,35.4,24.1,1,XS
970,34.2,44.95,50.05,42.75,25.6,4,S
971,34.55,46.55,49.9,39.45,25.85,4,S
972,33.15,45.7,49.8,39.65,28.4,4,S
973,33.85,47.6,46.4,43.2,28.9,4,S
974,37.75,50.35,50.3,43.15,28.35,2,XL
975,33.8,47.25,45.55,38.5,28.85,4,S
977,32.2,44.9,50.75,34.65,25.15,1,XS
978,32.8,45.45,50.8,39.7,26.5,4,S
979,34.5,49.7,48.2,48.5,31.5,2,XL
980,36.15,49.5,49.8,41.9,29.5,0,L
981,32.45,46.35,46.25,39.35,28.0,4,S
982,31.8,46.0,46.6,37.9,28.25,4,S
983,33.25,46.0,47.45,36.5,29.8,3,M
984,34.0,45.95,48.5,40.25,26.1,4,S
985,34.3,46.3,48.75,38.7,29.45,0,L
986,35.65,49.2,49.05,44.5,30.05,2,XL
988,35.25,50.25,49.6,46.15,29.25,2,XL
989,31.3,42.5,45.35,34.9,25.0,1,XS
990,35.0,50.45,49.7,39.85,30.35,0,L
991,34.0,47.45,49.7,41.75,29.1,0,L
992,31.8,43.4,47.1,42.85,26.6,4,S
993,36.05,50.25,49.0,47.5,31.55,2,XL
995,35.05,47.4,51.05,34.75,30.75,3,M
996,35.15,49.3,48.75,37.8,32.15,0,L
997,36.5,51.5,48.5,47.0,30.95,2,XL
998,33.35,47.25,47.3,42.8,29.25,4,S
999,32.3,46.55,51.75,37.15,26.5,3,M
1000,31.75,41.9,47.7,34.8,25.0,1,XS
1001,31.35,46.15,48.1,41.9,28.6,4,S
1002,32.0,42.75,48.05,37.6,24.55,1,XS
1003,33.4,45.9,49.25,37.2,26.1,3,M
1004,33.25,47.65,49.1,40.05,29.45,0,L
1005,33.15,45.7,47.9,38.65,29.55,4,S
1006,33.55,47.6,48.65,39.6,30.15,0,L
1007,32.35,46.45,47.1,42.4,29.15,4,S
1009,32.8,45.6,50.6,35.25,25.85,3,M
1010,31.1,43.85,45.6,37.75,27.8,4,S
1011,33.15,46.4,49.35,35.4,27.5,3,M
1012,35.6,51.55,50.9,43.4,33.0,2,XL
1013,33.35,48.1,48.65,40.0,29.2,0,L
1014,33.5,45.6,48.8,39.65,28.7,4,S
1015,35.65,47.0,47.55,45.4,27.3,2,XL
1016,34.05,50.9,50.0,47.5,30.9,2,XL
1017,35.95,48.15,47.25,39.2,29.25,0,L
1018,31.7,41.8,50.15,33.4,23.45,1,XS
1019,33.5,45.6,47.1,42.85,24.55,4,S
1020,32.9,46.25,49.6,43.15,27.0,4,S
1021,30.9,42.75,48.55,31.95,24.8,1,XS
1023,33.2,48.35,46.9,41.75,29.25,4,S
1024,36.95,49.4,52.35,38.7,26.55,0,L
1025,35.65,47.2,49.35,41.95,26.6,4,S
1026,32.35,43.35,48.3,34.85,24.85,1,XS
1027,34.5,46.35,47.75,39.25,26.75,4,S
1028,33.1,44.25,46.5,35.9,26.1,1,XS
1029,33.2,46.45,47.7,42.8,26.55,4,S
1030,36.3,48.15,50.7,43.75,28.1,2,XL
1031,29.7,43.95,47.25,31.35,24.4,1,XS
1032,33.75,46.2,48.75,35.35,26.8,3,M
1033,32.8,43.6,51.0,34.1,24.15,1,XS
1034,30.95,44.15,47.2,35.25,24.8,1,XS
1035,32.85,49.9,49.0,45.95,29.25,2,XL
1036,34.55,47.8,49.25,39.55,28.05,0,L
1037,33.8,47.7,48.6,40.1,27.95,4,S
1038,35.25,49.25,50.75,37.85,28.6,0,L
1039,36.0,47.75,49.25,37.9,27.55,3,M
1040,35.25,53.5,47.2,50.1,31.5,2,XL
1041,33.5,43.65,49.6,36.0,24.5,1,XS
1042,32.55,42.95,51.3,32.25,25.55,1,XS
1043,35.15,50.55,46.8,43.3,29.7,2,XL
1044,35.3,47.4,54.5,37.6,28.0,3,M
1045,33.25,44.15,48.85,38.3,25.3,4,S
1046,36.05,48.5,49.75,39.8,29.85,0,L
1047,33.25,46.5,51.7,37.65,28.05,3,M
1048,34.25,47.35,46.4,38.1,28.85,4,S
1050,34.2,47.0,49.7,34.55,26.95,3,M
1051,33.4,46.65,51.95,38.0,27.85,3,M
1052,33.75,47.5,48.2,39.7,29.85,0,L
1053,30.75,43.55,47.4,36.85,25.8,1,XS
1054,33.15,43.65,48.35,39.75,24.95,4,S
1055,33.85,44.5,47.8,37.8,28.75,3,M
1056,33.05,46.25,45.6,39.45,28.55,4,S
1057,35.35,47.7,50.1,45.4,30.75,2,XL
1058,33.75,49.65,49.0,37.2,31.0,0,L
1059,33.3,48.35,46.55,43.5,30.25,2,XL
1060,32.15,46.7,44.45,41.15,29.0,4,S
1061,31.1,46.35,46.25,46.35,28.6,4,S
1062,34.15,48.5,49.4,40.5,29.95,0,L
1063,32.5,45.7,48.2,34.25,29.0,3,M
1064,36.1,47.7,47.25,46.75,29.15,2,XL
1065,32.25,44.7,43.9,42.2,27.55,4,S
1066,36.15,51.8,48.4,50.5,33.5,2,XL
1067,34.25,47.85,44.85,41.3,31.15,4,S
1068,37.7,51.35,51.1,49.8,32.3,2,XL
1069,31.85,43.5,48.55,33.25,27.2,1,XS
1071,30.9,43.2,46.4,38.75,25.1,4,S
1072,35.75,48.5,46.65,42.1,30.15,0,L
1073,37.3,49.05,50.85,43.15,30.25,2,XL
1074,32.8,45.2,51.5,32.7,27.0,3,M
1075,35.4,49.2,48.2,37.55,30.45,0,L
1076,33.25,45.4,48.5,39.2,27.45,4,S
1077,33.85,46.25,50.5,37.7,28.7,3,M
1078,32.1,45.45,48.45,34.0,29.0,3,M
1079,34.05,47.0,43.25,40.25,27.9,4,S
1080,33.75,45.75,47.75,40.7,26.85,4,S
1081,32.75,46.0,48.6,40.25,27.85,4,S
1082,35.55,49.35,49.0,44.25,31.05,2,XL
1083,33.15,45.3,48.85,38.2,26.45,3,M
1084,34.15,47.85,48.05,40.5,29.45,0,L
1085,33.5,47.5,51.55,36.75,27.65,3,M
1086,32.85,44.75,49.4,34.85,26.9,3,M
1087,34.45,46.6,50.15,34.4,28.3,3,M
1088,34.55,50.65,47.55,42.3,33.2,2,XL
1089,34.6,47.65,46.7,44.25,30.0,2,XL
1090,34.1,47.7,48.0,36.65,29.6,3,M
1091,34.15,46.5,50.8,40.5,28.9,0,L
1092,33.7,44.5,45.25,39.85,28.15,4,S
1093,33.1,49.15,47.4,42.25,29.4,0,L
1094,33.5,46.5,47.4,39.15,27.9,4,S
1095,31.3,46.5,47.5,40.95,27.35,4,S
1096,36.2,51.05,49.65,44.9,31.0,2,XL
1097,33.3,45.4,50.0,37.0,26.2,3,M
1099,32.95,44.05,48.5,35.25,24.75,1,XS
1100,32.8,46.5,50.1,36.75,26.95,3,M
1101,33.9,47.0,51.2,38.5,26.3,3,M
1102,32.5,45.3,52.3,33.45,25.6,3,M
1103,32.95,46.4,50.5,35.05,27.2,3,M
1104,34.25,47.0,49.7,41.0,27.25,4,S
1105,34.05,45.6,48.4,41.35,26.0,4,S
1106,33.15,47.65,44.1,39.7,26.65,4,S
1107,32.9,45.4,46.5,37.1,25.5,4,S
1108,30.75,43.3,46.4,31.15,25.15,1,XS
1110,33.6,46.1,50.0,36.8,27.35,3,M
1111,35.3,48.6,45.15,49.35,28.9,2,XL
1112,34.9,48.5,48.7,45.15,27.15,2,XL
1113,34.8,49.75,50.5,43.45,29.1,2,XL
1114,37.25,53.1,48.65,45.5,31.75,2,XL
1115,33.25,44.75,47.1,38.65,25.9,4,S
1116,32.75,45.0,48.55,37.85,25.75,3,M
1117,31.25,42.4,48.55,30.9,23.35,1,XS
1118,33.05,46.35,49.0,40.8,26.05,4,S
1119,34.7,48.85,50.2,35.95,28.5,3,M
1120,33.9,46.6,50.1,36.75,26.8,3,M
1121,35.95,48.6,50.55,39.7,28.25,0,L
1122,36.95,47.95,49.3,41.15,27.15,0,L
1123,34.75,46.45,48.25,33.5,26.55,3,M
1124,34.15,49.05,49.6,38.65,28.85,0,L
1125,34.7,46.7,46.1,50.35,28.7,2,XL
1126,32.15,44.5,49.15,35.25,26.0,1,XS
1127,32.6,47.7,47.0,37.0,26.5,3,M
1128,32.75,46.25,46.65,36.9,27.3,3,M
1129,32.2,45.15,47.4,38.3,25.15,4,S
1131,35.6,50.1,47.1,44.3,30.2,2,XL
1132,32.5,48.75,46.75,42.85,27.2,4,S
1133,35.45,47.05,50.25,36.0,26.8,3,M
1134,33.05,46.5,45.05,42.75,27.0,4,S
1135,31.5,45.65,47.6,39.1,26.55,4,S
1136,34.65,47.55,50.7,39.75,28.7,0,L
1137,31.9,47.7,49.6,42.15,27.05,4,S
1139,33.8,49.15,48.6,41.05,30.0,0,L
1140,32.0,46.75,46.25,39.5,29.4,4,S
1141,32.6,47.05,47.35,41.95,28.8,4,S
1142,31.5,43.1,49.1,38.9,24.25,4,S
1143,32.45,45.35,47.65,42.5,25.55,4,S
1144,34.1,45.8,51.9,35.4,26.5,3,M
1145,33.15,44.4,50.65,34.75,25.65,1,XS
1146,35.25,50.65,49.9,46.4,31.65,2,XL
1147,33.0,45.7,49.75,35.25,26.9,3,M
1148,34.35,46.7,52.95,40.05,28.15,0,L
1149,33.25,48.05,46.25,43.15,28.25,4,S
1150,31.1,42.25,46.35,38.2,26.8,4,S
1151,31.6,46.0,47.1,44.4,28.15,4,S
1152,33.0,45.0,48.25,40.0,27.5,4,S
1153,33.75,46.7,50.8,40.15,27.7,0,L
1154,35.5,51.75,51.0,40.75,32.65,0,L
1155,35.75,48.5,51.5,38.9,30.05,0,L
1156,31.05,40.65,49.95,31.6,23.55,1,XS
1157,33.05,43.65,52.9,31.2,24.8,1,XS
1158,36.9,47.95,51.35,39.5,30.05,0,L
1159,34.4,44.4,48.75,40.8,26.0,4,S
1160,32.45,48.6,49.3,37.15,29.65,3,M
1161,31.85,44.9,47.45,42.4,29.05,4,S
1162,36.1,49.0,47.45,47.65,31.05,2,XL
1163,37.15,49.9,49.4,44.7,31.25,2,XL
1165,35.75,46.85,48.5,40.9,29.25,0,L
1166,36.1,50.7,46.3,47.8,30.95,2,XL
1167,36.35,50.8,51.2,43.9,30.1,2,XL
1168,34.8,51.5,48.9,37.0,29.35,0,L
1169,31.55,42.65,48.4,36.45,27.0,1,XS
1170,30.9,41.75,47.4,31.95,24.65,1,XS
1171,36.3,51.15,49.6,46.4,33.15,2,XL
1172,34.15,47.7,48.9,38.7,30.7,0,L
1173,33.05,45.05,47.7,40.7,27.3,4,S
1174,33.75,45.6,47.7,45.35,26.4,4,S
1175,34.9,47.6,51.0,41.65,30.3,0,L
1176,35.75,50.55,49.65,41.15,32.05,0,L
1178,33.0,46.9,45.6,38.25,29.15,4,S
1179,32.3,45.0,44.95,35.4,26.9,1,XS
1180,30.25,42.95,46.7,37.1,24.55,1,XS
1181,32.2,44.55,49.25,37.7,25.55,3,M
1182,36.15,49.45,49.3,46.2,31.15,2,XL
1183,33.05,45.85,46.05,40.75,29.05,4,S
1184,31.7,44.4,51.4,39.45,24.9,4,S
1185,33.35,45.15,53.85,38.45,26.35,3,M
1186,36.75,48.8,49.5,45.75,30.0,2,XL
1187,33.4,46.3,46.1,43.55,30.75,4,S
1188,31.6,44.25,46.2,45.75,26.5,4,S
1190,34.2,46.25,47.4,42.9,28.75,4,S
1191,33.2,46.35,46.65,41.95,28.35,4,S
1192,33.8,44.65,47.65,40.35,28.6,4,S
1193,33.9,44.5,50.25,35.6,24.25,1,XS
1194,33.4,46.9,48.65,39.55,26.7,4,S
1195,29.85,46.0,45.6,40.0,27.1,4,S
1196,30.0,45.1,47.3,41.3,25.55,4,S
1197,30.45,44.65,46.55,41.2,25.35,4,S
1198,31.65,44.5,46.25,41.4,26.85,4,S
1199,30.0,42.6,47.1,34.05,23.6,1,XS
1200,32.0,43.9,46.7,42.8,25.85,4,S
1201,32.25,45.4,48.8,42.95,27.75,4,S
1202,33.75,47.5,47.05,46.8,27.35,2,XL
1203,31.25,45.8,48.75,41.2,25.85,4,S
1204,32.2,46.0,44.35,40.25,26.55,4,S
1205,31.85,49.8,46.0,49.9,29.05,2,XL
1207,30.5,44.0,51.0,38.7,24.9,3,M
1208,35.2,48.0,46.65,45.45,31.65,2,XL
1210,33.6,47.75,48.75,40.25,29.0,0,L
1211,34.2,45.0,47.1,43.25,27.05,4,S
1212,32.35,44.25,48.75,40.7,26.05,4,S
1213,32.55,43.05,44.7,45.0,24.15,4,S
1214,33.1,45.65,47.05,40.3,26.5,4,S
1215,32.35,43.65,46.5,40.0,26.75,4,S
1216,32.55,44.45,47.45,38.85,27.1,4,S
1217,32.7,46.0,46.4,42.3,28.2,4,S
1218,33.85,48.85,48.3,49.4,29.8,2,XL
1219,35.1,51.15,48.25,46.0,31.8,2,XL
1221,31.4,44.6,47.5,36.75,26.65,1,XS
1222,32.95,43.5,48.6,33.65,27.5,1,XS
1223,35.7,49.5,49.25,43.05,30.1,2,XL
1225,32.75,44.4,50.05,35.7,26.95,3,M
1226,32.35,46.05,46.6,42.3,28.75,4,S
1227,34.5,48.95,45.6,47.5,29.95,2,XL
1228,34.2,47.1,45.75,46.2,30.3,2,XL
1229,31.55,47.65,46.5,39.6,30.85,4,S
1230,35.6,48.7,48.55,40.85,31.3,0,L
1231,35.35,46.5,49.4,38.15,27.9,3,M
1232,32.9,46.2,46.8,37.95,28.75,4,S
1233,32.8,47.15,49.65,40.1,27.6,4,S
1234,32.95,45.1,48.75,41.4,26.15,4,S
1235,33.2,45.1,47.05,37.2,27.15,3,M
1236,35.35,47.2,49.85,39.75,28.6,0,L
1237,36.4,49.25,49.8,40.35,29.8,0,L
1238,33.1,45.9,48.4,38.35,28.15,4,S
1239,35.45,50.1,51.55,38.75,30.7,0,L
1240,31.95,45.3,47.5,40.75,25.6,4,S
1241,37.85,51.1,50.65,44.2,33.5,2,XL
1242,33.75,45.25,49.35,36.65,27.1,3,M
1243,33.75,46.25,51.55,37.0,28.2,3,M
1244,33.5,46.5,50.1,34.1,28.2,3,M
1245,36.45,52.15,50.0,43.55,32.05,2,XL
1246,31.55,44.1,48.25,38.1,24.5,4,S
1247,33.3,46.5,47.6,35.05,27.1,3,M
1249,36.6,49.5,49.0,44.85,32.6,2,XL
1250,33.45,45.4,51.15,33.85,27.65,3,M
1251,32.25,46.15,44.75,45.15,28.45,4,S
1252,35.25,46.05,49.25,35.75,28.65,3,M
1253,34.5,47.4,46.85,44.4,29.6,2,XL
1254,34.7,47.25,49.0,39.75,28.4,0,L
1255,36.2,49.9,49.35,44.35,31.1,2,XL
1256,32.45,46.0,46.7,43.1,29.05,4,S
1257,32.65,46.3,47.6,33.75,27.75,3,M
1258,32.4,46.7,44.75,41.0,28.5,4,S
1259,36.2,50.9,45.1,47.55,31.95,2,XL
1261,35.2,47.25,48.5,36.9,28.9,3,M
1263,31.05,46.0,46.9,41.65,28.0,4,S
1264,35.6,49.05,48.1,47.75,30.6,2,XL
1265,33.35,43.4,46.35,36.55,26.85,1,XS
1266,38.2,53.7,48.95,47.25,32.45,2,XL
1267,32.6,49.0,49.05,44.5,30.65,2,XL
1268,32.8,45.8,46.85,40.0,27.35,4,S
1269,35.15,50.25,47.6,44.65,33.15,2,XL
1270,33.2,44.15,48.65,37.75,26.8,3,M
1271,31.85,45.6,44.1,40.3,27.3,4,S
1272,32.05,45.45,48.8,40.45,24.6,4,S
1273,33.75,44.95,49.5,32.9,25.9,1,XS
1274,33.1,48.65,45.1,45.0,29.85,2,XL
1275,32.2,45.15,48.4,38.65,25.9,4,S
1276,33.2,49.35,46.85,45.45,27.6,2,XL
1277,31.95,47.95,45.1,41.75,29.0,4,S
1278,31.4,45.4,46.85,42.65,27.3,4,S
1279,33.8,46.25,50.2,41.2,27.6,4,S
1280,37.8,52.1,53.0,44.25,29.9,2,XL
1281,33.1,46.1,51.15,39.1,25.65,3,M
1282,33.8,48.7,47.75,39.4,28.5,0,L
1283,31.55,43.55,49.5,37.15,24.1,1,XS
1284,32.75,45.6,48.0,38.0,25.65,4,S
1285,34.05,49.45,50.95,43.1,28.0,0,L
1286,33.6,48.9,48.05,39.5,27.05,4,S
1287,33.6,46.85,52.8,35.55,26.95,3,M
1288,33.25,47.5,46.0,39.25,27.3,4,S
1289,29.8,44.0,47.1,40.4,25.1,4,S
1290,31.3,46.0,47.25,40.8,26.85,4,S
1291,33.85,48.25,49.9,40.85,30.1,0,L
1292,31.65,45.0,50.75,36.15,27.3,3,M
1293,36.5,49.3,49.0,45.5,31.35,2,XL
1294,32.4,45.75,48.15,36.45,28.45,3,M
1295,35.15,47.3,52.15,37.4,27.7,3,M
1296,32.65,45.6,50.0,36.9,26.4,3,M
1297,32.15,44.55,48.25,36.8,27.45,3,M
1298,31.4,42.8,48.25,35.95,25.1,1,XS
1299,33.5,47.5,47.75,38.1,29.3,3,M
1300,33.65,50.5,49.7,42.45,30.0,0,L
1301,30.4,41.25,46.9,32.85,25.05,1,XS
1302,32.8,46.0,49.5,36.65,26.5,3,M
1303,34.05,44.75,48.4,38.9,28.3,4,S
1304,33.0,46.25,49.95,37.35,26.75,3,M
1305,32.1,44.75,45.7,34.55,26.55,1,XS
1306,34.9,47.6,50.25,41.35,28.05,0,L
1307,34.05,45.55,50.5,37.3,28.0,3,M
1308,36.75,50.65,49.75,49.75,31.65,2,XL
1309,34.25,46.05,46.5,36.15,27.75,3,M
1310,30.25,44.55,47.75,32.9,25.5,1,XS
1311,30.55,44.75,49.2,35.5,26.3,1,XS
1312,33.35,45.85,50.05,36.8,27.85,3,M
1313,31.8,44.7,47.2,45.5,25.55,4,S
1314,34.3,50.05,49.65,39.6,29.05,0,L
1315,31.3,45.9,45.75,44.75,28.55,4,S
1316,34.45,47.75,51.0,46.15,28.35,2,XL
1317,33.95,46.1,46.5,43.5,29.35,4,S
1318,33.05,48.6,46.65,45.0,31.9,2,XL
1319,32.3,45.85,48.5,42.95,26.65,4,S
1320,33.0,47.05,48.05,40.5,29.45,4,S
1321,32.6,44.0,48.3,41.75,25.65,4,S
1322,31.45,44.95,46.3,42.55,26.0,4,S
1323,29.2,43.7,44.8,40.65,27.55,4,S
1324,32.15,43.9,46.0,42.7,26.35,4,S
1326,32.45,43.05,47.4,43.4,27.4,4,S
1327,32.9,46.45,50.25,45.25,26.5,4,S
1328,33.65,45.9,49.1,42.35,27.0,4,S
1329,32.3,47.65,47.0,40.25,30.5,4,S
1330,34.1,44.3,50.35,38.45,25.5,3,M
1331,32.2,44.15,48.15,43.05,27.5,4,S
1332,31.8,43.8,48.9,32.0,28.0,1,XS
1333,32.8,45.35,50.2,38.85,28.95,3,M
1334,37.1,52.05,47.7,45.7,33.75,2,XL
1335,31.75,45.9,49.3,41.7,28.7,4,S
1336,33.3,47.05,46.6,37.4,29.8,3,M
1337,31.8,46.05,49.5,36.6,28.25,3,M
1338,34.2,50.85,51.0,41.75,31.3,0,L
1339,31.0,43.6,47.8,33.5,26.1,1,XS
1340,32.05,44.85,51.15,33.7,27.8,3,M
1341,32.15,47.5,47.75,40.65,30.15,4,S
1342,30.6,43.75,46.8,37.0,26.85,1,XS
1343,33.75,46.65,47.6,41.75,28.6,4,S
1346,28.75,43.2,44.2,41.6,28.25,4,S
1347,31.55,48.8,44.8,47.65,31.05,2,XL
1348,32.65,49.9,49.3,48.75,32.25,2,XL
1349,31.25,45.6,49.9,39.9,28.25,4,S
1350,32.7,46.5,49.8,40.0,28.55,4,S
1351,32.55,47.5,46.4,44.55,31.35,2,XL
1352,33.75,48.7,48.9,42.3,32.1,0,L
1353,28.65,41.35,47.6,32.25,23.6,1,XS
1354,34.5,48.45,48.4,36.5,29.05,3,M
1355,34.4,50.0,47.05,44.85,31.55,2,XL
1356,32.5,45.1,44.8,44.15,27.95,4,S
1358,32.15,46.4,48.0,39.3,28.35,4,S
1359,31.5,44.65,46.35,42.7,28.85,4,S
1360,32.15,46.65,49.5,42.5,29.35,4,S
1361,34.15,46.7,48.7,38.45,27.95,3,M
1362,31.9,47.15,44.75,45.75,28.5,4,S
1363,32.3,44.8,50.65,35.15,26.65,3,M
1364,33.0,46.85,50.7,43.95,28.75,4,S
1365,32.65,44.1,47.6,39.7,27.85,4,S
1366,33.6,44.65,48.95,34.95,27.4,3,M
1367,34.3,47.55,49.05,44.0,30.4,2,XL
1368,35.5,46.1,49.4,36.35,27.5,3,M
1369,28.75,43.65,45.1,33.2,28.2,1,XS
1370,30.75,43.7,47.05,32.1,26.35,1,XS
1371,32.8,45.65,46.0,43.65,29.1,4,S
1372,31.25,47.0,50.0,41.15,27.0,4,S
1373,32.95,46.2,47.0,42.2,27.25,4,S
1374,30.8,46.3,47.75,37.45,28.75,3,M
1375,32.5,45.05,45.4,39.15,27.65,4,S
1376,33.05,47.4,46.55,36.85,29.5,3,M
1378,35.4,51.85,50.75,49.65,33.1,2,XL
1379,31.5,45.75,45.3,48.5,28.05,2,XL
1380,30.25,43.15,45.9,38.1,26.05,4,S
1381,32.6,45.9,49.05,38.25,27.9,3,M
1382,31.7,44.6,49.95,40.5,26.0,4,S
1383,34.15,48.5,49.45,43.1,29.9,2,XL
1384,32.7,45.9,47.65,36.15,29.05,3,M
1385,35.0,50.65,50.0,44.45,32.9,2,XL
1386,31.6,45.9,47.85,34.1,28.35,3,M
1387,33.8,44.2,45.0,36.7,28.45,4,S
1388,30.75,43.4,46.55,33.7,26.0,1,XS
1389,30.25,44.65,43.5,43.35,27.4,4,S
1390,29.85,44.5,45.6,35.0,27.6,1,XS
1392,32.25,44.7,48.7,37.6,27.15,3,M
1393,35.65,46.95,47.3,40.85,27.45,4,S
1394,31.65,44.9,49.05,36.75,27.65,3,M
1395,32.75,44.25,49.85,39.4,26.5,4,S
1397,30.8,42.75,48.85,32.85,25.65,1,XS
1398,36.25,50.5,49.35,40.0,30.65,0,L
1399,34.95,46.45,49.25,39.9,30.45,0,L
1400,33.75,47.75,47.55,41.8,30.1,0,L
1401,32.55,46.1,49.65,36.6,29.25,3,M
1402,33.25,45.1,46.45,38.3,28.55,4,S
1403,32.25,43.1,45.5,40.4,27.0,4,S
1404,30.5,44.4,47.8,37.05,28.35,3,M
1405,32.3,45.6,45.1,41.9,28.45,4,S
1406,35.75,47.75,49.4,39.45,29.1,0,L
1407,32.25,45.4,47.85,35.1,27.25,3,M
1408,32.1,46.85,46.35,39.5,29.4,4,S
1410,34.75,47.85,47.3,45.9,30.05,2,XL
1411,32.15,51.35,46.7,44.5,31.7,2,XL
1412,32.05,44.9,44.4,42.95,28.65,4,S
1413,31.0,45.45,45.9,43.1,27.0,4,S
1414,30.35,46.1,47.6,38.2,27.9,4,S
1415,34.5,47.5,52.85,39.0,29.2,0,L
1416,32.75,44.6,49.95,36.3,27.55,3,M
1417,29.8,45.6,48.3,40.25,27.0,4,S
1418,34.1,47.5,50.7,37.75,28.75,3,M
1419,32.75,47.55,45.3,39.3,29.75,4,S
1420,35.6,48.8,49.3,44.9,31.1,2,XL
1421,33.65,45.7,51.05,37.85,27.4,3,M
1422,32.65,46.3,49.0,42.3,27.1,4,S
1423,31.05,45.8,45.95,43.4,27.05,4,S
1424,31.8,45.35,47.3,44.25,28.4,4,S
1425,31.8,45.9,46.2,34.2,29.05,3,M
1426,32.1,48.0,48.6,39.4,29.3,0,L
1427,36.05,49.7,52.35,39.1,29.3,0,L
1428,36.0,49.3,47.6,48.75,30.0,2,XL
1429,33.6,47.15,51.8,35.65,28.55,3,M
1430,33.25,46.6,51.0,34.75,27.05,3,M
1431,33.6,48.25,48.25,41.3,29.75,0,L
1432,32.5,46.35,45.2,42.9,31.25,4,S
1433,31.75,46.2,48.1,42.2,27.2,4,S
1434,34.1,47.85,52.6,37.05,28.85,3,M
1435,30.85,43.8,48.25,36.15,25.1,1,XS
1436,35.7,48.8,46.85,41.95,32.25,2,XL
1437,32.75,46.05,49.7,44.15,31.15,2,XL
1438,31.5,45.1,49.05,35.45,28.8,3,M
1439,32.1,47.65,46.15,39.15,29.6,4,S
1440,31.55,44.1,50.4,35.9,25.35,1,XS
1441,31.3,43.85,47.3,38.1,26.05,4,S
1442,33.65,48.4,46.7,38.7,28.6,4,S
1443,32.8,46.1,50.25,42.45,27.05,4,S
1444,33.75,46.9,49.95,39.55,28.75,0,L
1445,31.5,43.4,46.75,38.85,26.75,4,S
1446,31.3,43.3,48.55,34.7,27.6,1,XS
1447,31.55,47.2,50.25,36.0,27.05,3,M
1448,35.0,48.4,47.35,44.15,32.4,2,XL
1449,34.75,47.05,49.35,38.65,27.9,3,M
1450,32.5,44.35,47.2,40.4,29.7,4,S
1451,32.7,44.95,47.7,38.25,26.6,4,S
1452,34.95,47.15,51.35,39.45,29.1,0,L
1453,33.65,49.05,53.1,41.1,30.25,0,L
1454,30.7,43.15,48.45,38.85,27.1,4,S
1455,32.55,45.05,47.65,37.65,27.3,4,S
1456,35.25,49.35,44.8,48.15,30.0,2,XL
1457,33.0,48.65,50.85,43.6,33.05,2,XL
1458,33.8,46.15,49.9,36.55,29.0,3,M
1459,32.75,45.65,49.75,39.45,27.9,4,S
1460,32.8,45.95,48.05,40.0,29.25,4,S
1461,35.15,49.4,47.55,45.6,30.7,2,XL
1462,34.0,44.85,46.5,41.45,29.0,4,S
1463,35.55,50.3,51.6,38.55,31.3,0,L
1464,33.0,44.45,46.85,43.0,28.65,4,S
1465,33.75,44.75,48.6,42.1,27.3,4,S
1466,32.75,48.05,49.1,38.05,28.9,3,M
1467,36.05,51.9,52.9,36.35,30.6,0,L
1468,34.3,46.5,46.65,37.85,27.8,4,S
1469,32.15,41.95,48.1,28.6,23.4,1,XS
1470,31.05,44.65,47.4,38.6,28.65,4,S
1471,33.3,49.95,48.65,43.45,31.9,2,XL
1472,31.0,45.0,49.75,38.15,28.25,3,M
1473,31.0,46.5,50.55,37.6,28.4,3,M
1474,30.3,45.1,47.1,34.6,28.25,1,XS
1477,34.45,50.0,47.0,45.85,32.35,2,XL
1478,37.75,52.7,49.0,50.3,33.85,2,XL
1479,34.2,47.45,49.4,36.15,29.8,3,M
1480,32.55,48.8,48.2,36.6,30.4,3,M
1481,32.35,44.7,50.9,34.5,25.95,1,XS
1482,34.5,50.6,50.5,39.75,30.35,0,L
1483,31.5,42.65,46.85,39.45,25.8,4,S
1484,32.55,47.45,49.65,38.85,28.9,0,L
1485,33.7,45.9,50.4,36.9,27.55,3,M
1486,32.6,47.85,46.25,38.35,30.0,4,S
1487,31.75,45.05,51.1,37.05,26.25,3,M
1488,34.55,47.3,51.3,39.45,28.0,0,L
1489,35.0,49.55,48.6,41.85,30.8,0,L
1490,32.7,46.9,49.35,37.15,28.55,3,M
1491,34.4,49.0,49.05,41.95,32.0,0,L
1492,33.15,46.15,48.4,41.4,28.6,4,S
1493,35.6,51.85,49.5,43.85,32.05,2,XL
1494,35.25,45.75,52.2,37.3,26.9,3,M
1495,32.3,42.35,47.5,36.0,25.4,1,XS
1496,31.9,47.55,49.0,39.4,29.5,0,L
1497,32.5,46.3,47.1,37.9,28.75,4,S
1498,33.65,47.6,47.6,42.5,29.75,4,S
1499,33.9,47.45,48.85,44.65,30.8,2,XL
1500,33.95,51.3,49.5,45.0,31.75,2,XL
1501,31.8,46.35,45.8,42.9,29.95,4,S
1502,31.3,44.55,48.5,36.55,27.4,3,M
1503,31.5,45.9,52.45,37.2,27.75,3,M
1504,32.15,45.3,48.4,37.85,28.45,3,M
1505,32.45,47.1,47.75,35.85,28.4,3,M
1506,33.2,47.95,47.6,42.4,31.55,0,L
1507,32.75,45.5,50.4,34.6,26.4,3,M
1508,32.95,46.45,48.5,37.6,29.5,3,M
1509,34.5,48.25,48.9,39.6,31.3,0,L
1510,33.8,46.5,50.25,39.4,30.0,0,L
1511,30.25,43.25,48.45,37.8,25.95,1,XS
1512,34.7,46.05,46.6,39.95,29.65,4,S
1513,32.0,49.0,50.15,42.35,28.55,0,L
1514,32.1,49.2,50.3,38.7,30.4,0,L
1515,30.35,43.85,49.25,38.1,25.9,4,S
1516,32.8,44.6,49.9,34.4,27.35,3,M
1517,31.95,43.75,48.05,37.7,25.9,4,S
1518,30.9,42.3,47.9,31.65,25.45,1,XS
1519,33.9,49.15,48.4,38.85,29.7,0,L
1520,35.45,47.6,49.25,44.05,28.8,2,XL
1521,32.4,43.85,48.95,38.15,26.0,4,S
1522,31.4,46.65,45.9,36.1,31.8,3,M
1523,33.25,45.85,49.4,35.65,26.5,3,M
1524,35.85,49.95,51.8,37.0,31.25,0,L
1525,35.25,51.95,50.35,46.4,32.65,2,XL
1526,31.15,44.4,47.45,37.1,28.35,3,M
1527,34.8,49.05,49.7,42.15,33.1,0,L
1528,31.5,45.15,47.75,34.25,28.55,1,XS
1529,35.65,46.75,54.1,37.85,27.25,3,M
1530,31.6,46.3,48.05,37.1,28.25,3,M
1531,33.7,46.35,51.65,34.25,27.75,3,M
1532,33.5,46.7,51.3,34.0,29.55,3,M
1533,33.8,47.25,53.55,34.85,27.2,3,M
1534,33.75,45.9,53.15,36.25,28.95,3,M
1535,31.6,45.0,49.85,35.3,27.85,3,M
1536,32.25,46.65,49.6,36.65,28.95,3,M
1537,31.3,45.25,48.55,35.25,28.6,3,M
1538,30.5,42.2,48.45,31.5,27.05,1,XS
1539,32.65,48.3,47.3,42.2,30.7,0,L
1540,33.25,46.25,51.0,36.85,27.25,3,M
1541,32.65,50.9,48.35,44.4,32.25,2,XL
1542,30.7,44.85,46.9,35.05,27.6,1,XS
1543,34.5,50.15,48.15,43.75,32.8,2,XL
1544,32.75,43.2,45.75,36.8,27.3,1,XS
1545,31.75,44.9,47.6,37.5,28.85,3,M
1546,34.3,47.5,52.6,39.4,28.05,0,L
1547,33.25,49.1,48.0,40.1,28.7,0,L
1548,33.0,46.45,48.5,36.75,26.95,3,M
1549,32.75,47.0,46.75,33.25,28.1,3,M
1550,31.75,46.65,51.85,32.55,26.5,3,M
1551,33.75,46.6,50.75,36.1,27.05,3,M
1553,32.75,45.25,48.8,31.95,26.75,1,XS
1554,31.15,45.5,50.25,34.75,26.85,3,M
1555,34.0,48.25,47.7,40.45,28.95,0,L
1556,35.15,48.55,48.15,39.3,28.5,0,L
1557,33.0,44.75,47.95,35.0,26.3,1,XS
1558,31.75,46.85,46.35,39.0,28.35,4,S
1559,31.4,45.75,47.95,36.2,27.6,3,M
1560,32.25,48.25,48.35,41.15,29.25,4,S
1561,32.0,49.0,46.95,38.4,28.9,4,S
1562,32.7,46.5,47.3,37.0,26.75,3,M
1563,33.25,45.8,50.0,33.0,28.1,3,M
1564,34.6,49.3,50.5,40.35,30.1,0,L
1565,31.5,44.5,49.35,34.3,25.25,1,XS
1566,30.5,46.3,50.0,35.5,25.6,3,M
1567,30.25,42.9,45.4,34.0,25.5,1,XS
1568,33.5,47.8,50.75,35.7,27.85,3,M
1569,31.95,50.45,49.15,41.0,29.95,0,L
1570,31.25,45.2,46.25,40.25,25.6,4,S
1571,30.1,42.4,48.45,28.75,23.6,1,XS
1572,30.2,46.2,48.75,35.25,27.4,3,M
1573,33.7,48.05,45.95,42.9,28.05,4,S
1574,31.7,43.25,47.1,38.1,24.85,4,S
1575,28.25,42.4,45.3,35.15,22.4,1,XS
1576,33.0,44.8,46.3,40.8,26.1,4,S
1577,32.2,48.3,47.85,37.15,29.9,3,M
1578,31.7,43.1,47.3,35.9,23.6,1,XS
1579,33.7,48.05,48.45,42.5,28.4,4,S
1580,34.2,51.25,46.8,49.25,29.65,2,XL
1581,33.5,48.3,49.2,41.7,29.6,0,L
1582,30.75,41.0,45.75,33.85,25.35,1,XS
1583,38.0,50.8,50.85,47.5,29.45,2,XL
1584,31.5,44.35,44.75,41.35,26.35,4,S
1585,32.7,42.0,47.0,31.05,25.1,1,XS
1586,34.2,46.8,47.8,40.8,27.6,4,S
1587,33.2,49.95,46.25,45.55,30.55,2,XL
1588,32.75,49.5,47.85,39.35,29.95,0,L
1589,32.25,49.35,50.05,36.55,30.4,3,M
1590,33.25,45.8,47.95,37.05,27.75,3,M
1591,32.0,44.7,43.5,38.6,26.65,4,S
1592,33.5,51.1,48.15,43.8,30.85,2,XL
1593,32.4,49.25,50.25,42.0,27.6,0,L
1594,32.8,48.25,46.6,39.6,28.05,4,S
1595,34.15,51.3,49.5,45.2,30.85,2,XL
1596,31.75,46.5,47.1,36.6,27.85,3,M
1597,28.2,43.5,48.9,31.95,24.65,1,XS
1598,30.65,45.35,49.25,34.55,26.05,1,XS
1599,30.75,43.1,46.8,30.65,23.75,1,XS
1600,32.75,47.5,49.35,45.75,26.95,2,XL
1601,31.15,46.6,49.2,34.05,27.7,3,M
1602,31.25,44.95,49.7,33.95,26.75,1,XS
1603,30.2,47.8,47.25,36.8,27.7,3,M
1604,33.75,52.35,46.9,46.6,33.45,2,XL
1605,32.25,49.9,53.35,41.6,30.85,0,L
1606,30.95,46.2,46.95,35.15,28.2,3,M
1607,32.3,48.9,47.95,38.55,26.95,4,S
1608,32.5,47.6,48.2,38.3,28.7,3,M
1609,32.95,51.5,50.6,38.7,31.45,0,L
1610,30.8,46.55,48.85,34.1,28.0,3,M
1611,30.0,41.6,52.3,31.0,23.8,1,XS
1612,34.05,48.5,49.0,38.8,30.05,0,L
1613,33.6,46.15,52.4,35.1,27.0,3,M
1614,31.5,45.6,46.65,36.2,25.6,1,XS
1615,33.4,48.9,45.9,46.7,28.25,2,XL
1616,30.95,49.5,48.0,43.25,30.65,2,XL
1617,33.25,47.3,49.15,37.3,28.5,3,M
1618,31.75,44.3,51.9,32.8,25.6,1,XS
1619,31.9,44.5,48.25,35.05,26.75,1,XS
1620,32.5,48.1,47.65,42.85,27.45,4,S
1621,34.0,47.45,50.25,35.55,28.6,3,M
1622,35.5,52.9,51.15,45.25,31.85,2,XL
1623,33.25,46.75,50.6,35.35,28.6,3,M
1624,35.75,51.1,47.5,41.25,32.05,0,L
1625,37.0,49.25,46.95,44.85,29.25,2,XL
1626,31.75,46.15,47.25,37.9,28.3,4,S
1628,35.5,50.8,52.25,49.5,30.8,2,XL
1629,32.6,46.3,48.65,38.1,27.9,3,M
1630,36.2,49.05,47.0,44.8,30.15,2,XL
1631,34.0,47.3,46.8,49.35,28.15,2,XL
1632,35.95,51.0,50.4,45.5,32.1,2,XL
1633,30.0,44.25,46.0,37.45,25.95,4,S
1634,32.7,51.95,50.1,43.3,31.85,2,XL
1635,31.35,47.3,48.15,34.95,27.6,3,M
1636,32.15,44.85,46.55,38.0,26.3,4,S
1637,32.0,44.85,51.45,35.95,25.85,3,M
1638,31.2,44.15,50.15,34.05,25.85,1,XS
1639,29.15,41.75,46.25,32.75,24.8,1,XS
1640,29.9,42.5,48.05,35.2,24.75,1,XS
1641,33.25,46.9,45.75,41.45,27.45,4,S
1642,30.45,44.8,48.55,37.1,26.1,1,XS
1643,29.35,43.2,47.1,33.0,24.5,1,XS
1644,30.45,44.3,46.3,40.8,25.0,4,S
1645,30.6,47.95,48.0,45.2,28.2,4,S
1646,32.75,50.4,47.1,45.05,31.85,2,XL
1647,31.75,43.7,48.15,34.05,23.85,1,XS
1648,29.3,44.25,47.45,38.2,25.5,4,S
1649,34.0,48.65,47.25,39.45,27.75,4,S
1650,34.7,49.6,46.85,40.7,28.9,0,L
1651,30.45,42.8,48.1,31.05,21.9,1,XS
1652,32.25,47.95,50.8,35.9,29.65,3,M
1653,30.25,45.4,47.1,37.65,26.8,4,S
1654,31.95,46.3,46.15,39.5,27.85,4,S
1655,33.9,49.1,43.7,40.9,28.85,4,S
1656,27.95,41.9,47.75,34.25,23.85,1,XS
1657,30.5,44.65,47.9,39.8,25.45,4,S
1658,31.0,46.1,49.1,37.5,26.4,3,M
1659,31.45,47.55,49.45,39.9,27.7,4,S
1660,31.9,47.25,47.15,41.0,27.15,4,S
1661,31.05,44.35,48.4,35.75,24.0,1,XS
1662,29.0,44.15,46.75,31.9,25.6,1,XS
1663,33.3,50.3,49.55,37.45,29.1,0,L
1665,31.4,44.25,48.65,39.05,24.75,4,S
1666,30.4,40.4,47.55,30.3,23.5,1,XS
1667,35.55,48.1,49.0,46.15,28.1,2,XL
1668,35.0,53.1,50.6,47.85,31.5,2,XL
1670,30.5,43.95,45.6,37.85,26.05,4,S
1671,32.5,42.9,47.0,35.65,23.65,1,XS
1672,33.75,47.25,45.25,41.1,29.0,4,S
1673,31.9,45.25,50.05,36.45,26.3,3,M
1674,31.0,47.15,45.7,37.85,27.45,4,S
1675,31.25,49.25,45.65,38.05,30.05,4,S
1676,29.25,43.05,46.8,33.5,23.3,1,XS
1677,32.9,50.15,47.1,38.0,29.1,0,L
1678,29.2,43.4,47.35,31.8,25.55,1,XS
1679,32.4,49.7,47.15,42.1,30.35,0,L
1680,32.5,48.4,44.9,44.1,28.75,4,S
1681,30.4,43.1,49.25,33.45,24.85,1,XS
1682,32.2,47.05,48.25,42.4,28.05,4,S
1683,29.8,42.5,44.45,38.45,23.8,4,S
1684,31.5,47.8,50.1,38.9,28.8,3,M
1685,31.95,48.3,46.5,42.3,28.1,4,S
1687,33.4,50.45,46.75,43.25,30.6,2,XL
1688,30.0,46.5,46.65,35.15,26.9,1,XS
1689,31.4,47.65,47.8,40.4,27.85,4,S
1690,30.75,45.4,50.2,31.4,25.35,1,XS
1691,30.6,46.25,46.75,41.25,26.75,4,S
1692,28.2,40.6,44.2,28.6,22.95,1,XS
1693,28.75,44.25,46.55,41.25,25.2,4,S
1694,34.15,47.7,46.25,44.0,28.85,2,XL
1697,31.5,43.45,44.8,42.15,25.65,4,S
1698,32.25,43.35,48.2,38.5,23.8,4,S
1700,29.45,45.0,49.65,31.75,24.9,1,XS
1701,30.1,46.75,46.6,42.4,25.75,4,S
1702,32.95,54.35,48.45,44.95,31.5,2,XL
1703,28.65,43.25,44.05,37.5,23.6,1,XS
1704,29.95,43.9,47.3,38.1,25.0,4,S
1705,32.0,46.25,46.9,41.5,25.7,4,S
1706,28.95,43.0,48.25,31.85,25.05,1,XS
1708,32.0,43.85,47.05,41.3,24.25,4,S
1709,34.2,51.6,46.55,46.65,29.55,2,XL
1710,38.0,53.5,47.9,48.7,32.4,2,XL
1711,29.95,43.55,48.0,32.3,24.9,1,XS
1713,35.45,52.8,46.35,37.9,32.45,0,L
1714,32.1,46.1,47.95,39.75,26.75,4,S
1715,30.5,45.25,49.7,37.45,27.3,3,M
1716,32.15,44.75,45.3,35.8,26.2,1,XS
1717,32.9,48.65,48.3,35.9,29.3,3,M
1719,30.7,47.2,51.85,36.8,28.7,3,M
1720,32.25,45.0,49.5,34.0,27.2,1,XS
1721,31.55,45.6,46.15,42.0,26.75,4,S
1722,34.5,49.8,49.9,45.7,29.25,2,XL
1723,31.5,47.25,47.65,34.8,27.7,3,M
1724,36.35,53.95,48.5,45.45,32.6,2,XL
1725,32.75,46.1,49.95,33.8,25.45,1,XS
1726,31.65,43.2,46.15,39.9,24.2,4,S
1727,31.4,45.1,46.6,39.4,25.4,4,S
1728,31.25,45.95,47.0,39.6,26.4,4,S
1729,32.75,45.75,49.35,39.1,25.25,4,S
1730,31.9,47.2,46.75,38.15,27.95,4,S
1731,31.4,45.4,43.35,40.25,26.8,4,S
1732,31.9,43.65,49.0,30.7,25.9,1,XS
1733,33.9,48.05,49.5,44.1,27.05,2,XL
1734,34.4,49.6,47.55,47.2,29.3,2,XL
1735,32.9,47.05,47.0,42.1,27.45,4,S
1736,33.0,47.45,47.65,41.95,28.3,4,S
1737,32.75,46.25,48.75,39.9,27.45,4,S
1738,35.0,48.1,50.85,40.2,27.9,0,L
1739,35.65,47.35,47.75,47.55,28.05,2,XL
1740,32.25,47.4,48.4,37.65,27.8,3,M
1741,33.4,53.55,54.0,37.95,31.35,0,L
1742,32.15,44.5,46.25,34.6,25.65,1,XS
1743,34.0,45.5,46.5,40.4,24.45,4,S
1744,31.2,43.95,48.4,31.9,24.75,1,XS
1745,30.85,46.9,45.75,38.95,27.35,4,S
1746,30.25,43.95,47.8,30.5,24.9,1,XS
1747,31.6,46.7,51.45,33.2,27.7,3,M
1748,32.7,45.05,49.5,35.7,26.25,3,M
1749,34.75,50.45,54.15,38.75,30.9,0,L
1750,33.6,47.25,50.8,40.15,27.3,0,L
1751,32.0,46.45,48.2,37.65,26.0,3,M
1752,31.5,46.9,45.6,38.65,27.9,4,S
1753,31.7,47.25,50.55,38.35,27.3,3,M
1754,31.0,44.5,46.15,35.4,27.55,1,XS
1755,33.4,45.9,49.6,35.75,27.55,3,M
1756,35.25,53.25,45.9,48.9,31.9,2,XL
1757,34.0,48.4,49.0,37.3,26.75,3,M
1758,31.9,45.4,47.0,34.0,25.3,1,XS
1759,29.5,41.75,47.9,31.25,23.55,1,XS
1760,32.6,45.95,49.55,40.25,26.0,4,S
1761,32.45,46.6,45.75,40.1,27.1,4,S
1762,33.5,47.2,46.95,42.1,27.55,4,S
1763,30.75,44.85,48.1,41.75,24.25,4,S
1764,31.6,45.25,48.0,37.75,26.5,4,S
1765,32.75,45.75,48.95,42.3,26.4,4,S
1766,33.55,47.65,49.05,42.2,26.65,4,S
1767,33.45,45.9,48.45,34.15,27.9,3,M
1768,30.5,45.35,46.5,38.75,27.8,4,S
1769,32.45,45.55,44.6,39.1,26.75,4,S
1770,34.75,51.95,52.4,38.7,31.05,0,L
1771,34.5,54.1,50.65,41.65,33.25,0,L
1772,31.8,42.25,46.65,34.75,25.9,1,XS
1773,33.0,48.9,47.1,40.6,28.85,4,S
1774,33.2,48.0,47.95,33.4,29.5,3,M
1775,34.75,50.0,50.4,39.05,28.75,0,L
1776,33.4,45.35,50.15,35.4,26.1,3,M
1777,35.35,46.45,49.7,40.7,27.15,4,S
1778,31.5,44.95,47.7,37.9,25.75,4,S
1779,30.55,42.35,46.1,32.25,24.35,1,XS
1780,36.65,51.15,48.4,50.65,31.75,2,XL
1781,31.6,48.8,47.65,45.5,28.1,2,XL
1782,32.3,46.9,45.65,40.3,26.35,4,S
1783,31.85,47.5,48.0,42.8,27.4,4,S
1784,34.9,51.1,49.85,49.25,28.85,2,XL
1785,28.65,43.2,44.95,37.55,24.1,1,XS
1786,34.65,52.5,45.0,39.15,30.5,0,L
1787,29.75,45.85,45.65,38.7,27.25,4,S
1788,30.15,45.65,45.5,40.55,25.55,4,S
1789,30.6,42.55,47.15,41.2,22.8,4,S
1790,32.6,47.0,48.35,37.9,26.6,3,M
1791,32.9,44.85,48.25,34.7,26.75,1,XS
1792,33.5,49.15,51.1,37.6,29.0,0,L
1793,36.25,50.6,51.5,37.45,29.75,0,L
1794,34.1,47.75,46.25,37.1,28.35,3,M
1795,32.4,46.5,45.05,40.9,26.85,4,S
1796,32.7,46.7,50.5,39.65,28.35,0,L
1797,31.8,45.85,44.45,44.9,28.5,4,S
1799,32.7,46.1,49.15,40.65,26.0,4,S
1800,33.15,48.45,52.1,40.7,29.0,0,L
1801,32.2,48.45,49.1,36.4,27.75,3,M
1802,32.7,47.65,49.15,41.1,29.0,0,L
1803,28.2,42.55,46.9,35.55,23.95,1,XS
1804,32.4,42.65,47.8,38.6,24.35,4,S
1805,33.55,46.2,50.55,37.8,27.1,3,M
1806,32.0,47.0,47.4,39.35,26.75,4,S
1807,33.4,47.7,48.5,33.0,28.15,3,M
1808,32.5,42.0,48.6,33.8,24.4,1,XS
1809,35.0,50.5,53.1,38.75,31.4,0,L
1810,32.5,48.75,50.1,36.6,29.95,3,M
1811,30.5,43.35,47.65,33.9,25.8,1,XS
1812,34.0,49.4,50.0,41.4,28.75,0,L
1813,33.55,47.7,48.4,40.5,26.65,4,S
1814,35.5,53.85,49.25,46.0,33.05,2,XL
1815,32.25,46.25,46.85,34.3,27.15,1,XS
1816,32.5,47.0,48.8,40.1,27.6,4,S
1817,32.5,47.7,47.85,42.4,27.95,4,S
1818,30.75,44.35,46.9,42.45,24.45,4,S
1819,30.75,46.6,45.35,45.75,27.35,4,S
1820,32.6,46.1,50.25,38.9,25.95,3,M
1821,32.5,47.25,48.65,36.95,28.35,3,M
1822,32.85,45.8,49.55,32.5,27.2,1,XS
1823,32.25,47.4,47.7,34.35,27.5,3,M
1824,30.5,44.85,46.05,37.15,25.9,1,XS
1825,29.8,44.6,45.6,35.6,26.85,1,XS
1826,31.8,47.45,50.4,36.95,27.2,3,M
1827,34.15,53.05,50.45,41.45,32.1,0,L
1828,33.1,47.3,47.85,35.2,27.6,3,M
1829,32.35,48.5,50.0,34.05,27.75,3,M
1830,35.55,51.25,48.1,40.25,31.3,0,L
1831,34.6,50.6,49.6,43.7,29.9,2,XL
1832,33.4,46.3,47.6,41.9,27.35,4,S
1833,33.2,47.9,47.05,41.9,28.95,4,S
1834,35.65,52.9,50.7,42.5,32.3,2,XL
1836,37.1,54.25,51.35,48.3,32.0,2,XL
1837,33.65,46.55,47.55,41.5,27.7,4,S
1838,35.2,47.65,53.65,41.2,26.55,0,L
1839,33.6,51.6,48.6,45.95,31.9,2,XL
1840,34.1,50.6,48.6,44.0,31.25,2,XL
1841,33.25,52.9,49.45,41.95,32.65,0,L
1842,32.75,47.1,49.25,39.55,27.35,4,S
1843,35.1,47.85,47.55,43.5,28.15,2,XL
1844,32.9,49.35,45.6,46.8,29.25,2,XL
1845,30.15,45.05,48.5,37.3,25.95,1,XS
1846,34.75,50.8,50.85,44.05,30.1,2,XL
1847,32.4,45.45,47.0,40.6,24.8,4,S
1848,33.8,50.75,49.8,42.05,29.9,0,L
1849,31.75,46.7,51.2,33.1,26.9,3,M
1850,30.9,42.65,49.2,34.9,23.05,1,XS
1851,35.25,50.0,47.5,40.25,30.1,0,L
1852,33.1,48.8,50.0,38.35,29.1,0,L
1853,34.2,50.3,48.75,42.5,29.25,0,L
1854,34.0,46.65,48.0,40.9,25.55,4,S
1855,30.65,42.85,47.35,39.4,24.15,4,S
1856,29.65,43.7,49.6,34.8,25.8,1,XS
1857,31.55,46.85,46.75,42.85,28.55,4,S
1858,30.1,44.8,44.15,34.9,25.45,1,XS
1859,32.95,46.3,48.55,39.1,26.65,4,S
1860,33.0,50.15,49.25,39.5,29.85,0,L
1861,33.15,45.15,48.4,37.1,25.85,3,M
1862,33.5,50.2,47.6,42.0,28.35,0,L
1863,31.5,47.4,44.1,42.75,27.15,4,S
1864,35.1,48.65,49.5,41.65,29.95,0,L
1865,30.75,45.65,48.15,39.75,27.2,4,S
1866,31.75,44.8,50.85,38.15,26.35,3,M
1867,34.0,46.3,48.75,39.35,27.6,4,S
1868,34.5,48.0,49.45,38.35,28.75,0,L
1869,32.75,45.85,49.05,39.75,27.1,4,S
1870,35.25,48.15,45.65,46.55,27.9,2,XL
1871,31.25,45.4,49.3,41.15,24.8,4,S
1872,33.25,50.5,49.45,37.8,29.7,0,L
1873,32.45,44.8,52.8,37.8,26.9,3,M
1874,33.95,50.9,50.6,40.85,30.2,0,L
1875,34.6,47.85,52.25,38.0,28.35,0,L
1876,33.05,48.8,52.0,38.35,28.15,0,L
1877,32.2,48.85,45.85,45.65,30.3,2,XL
1878,31.15,45.45,49.8,33.2,24.45,1,XS
1879,32.4,47.95,47.4,44.15,27.55,4,S
1880,31.85,46.3,47.25,42.95,27.6,4,S
1881,34.0,43.25,47.55,35.65,25.05,1,XS
1882,34.7,47.25,50.25,42.05,28.6,0,L
1883,32.15,44.75,45.65,40.8,26.25,4,S
1884,31.4,44.85,49.65,37.3,26.2,3,M
1885,32.75,46.6,48.9,33.7,27.9,3,M
1886,30.25,42.55,48.5,31.4,25.75,1,XS
1887,31.2,42.55,50.05,30.1,23.8,1,XS
1888,33.25,45.55,46.15,38.4,26.9,4,S
1889,35.5,48.9,47.25,42.7,30.05,2,XL
1890,32.25,43.35,48.85,34.6,25.2,1,XS
1891,28.3,43.0,44.15,35.3,26.0,1,XS
1892,34.2,46.75,50.55,36.55,27.85,3,M
1893,32.95,46.8,50.4,35.5,27.9,3,M
1894,33.4,45.3,49.4,35.6,26.15,3,M
1895,29.7,42.15,48.95,35.55,25.0,1,XS
1896,30.25,41.1,46.2,37.15,22.7,1,XS
1897,32.15,44.6,49.6,34.7,24.2,1,XS
1898,31.95,48.85,46.75,40.35,29.7,4,S
1899,38.3,52.35,48.25,49.8,32.95,2,XL
1900,35.75,50.55,52.75,40.85,27.6,0,L
1901,35.45,50.1,48.15,46.95,30.65,2,XL
1902,35.3,52.3,48.5,40.15,31.1,0,L
1903,33.8,46.15,50.95,39.3,28.05,3,M
1904,32.5,46.25,47.0,39.75,26.75,4,S
1905,35.5,49.0,47.5,44.8,28.85,2,XL
1906,30.5,45.05,49.05,41.75,26.45,4,S
1907,31.9,42.35,47.2,40.25,24.15,4,S
1908,30.75,44.5,47.0,43.15,26.9,4,S
1909,32.0,47.25,45.65,39.7,29.35,4,S
1910,31.25,44.95,47.8,36.5,26.1,1,XS
1911,34.7,47.4,48.1,40.9,28.4,4,S
1912,34.0,46.1,46.95,44.95,27.1,4,S
1913,32.75,45.95,49.9,43.5,27.9,4,S
1914,32.05,46.85,49.45,39.05,26.9,4,S
1915,31.2,46.55,45.5,46.1,27.5,4,S
1916,30.5,43.35,47.85,39.25,24.2,4,S
1917,35.55,54.25,52.7,44.1,31.85,2,XL
1918,36.4,53.7,47.5,45.65,32.55,2,XL
1919,32.0,49.65,50.0,41.65,28.9,0,L
1920,32.9,46.25,49.6,39.75,26.35,4,S
1921,34.15,49.75,49.85,44.1,31.15,2,XL
1922,34.2,45.85,52.7,35.65,26.05,3,M
1923,33.7,51.45,49.0,43.65,30.5,2,XL
1924,34.2,47.0,51.5,36.2,26.6,3,M
1925,32.15,46.7,48.85,40.25,28.15,4,S
1926,33.85,46.1,48.1,35.8,26.75,3,M
1927,33.65,44.35,47.45,37.9,25.25,4,S
1928,33.9,46.85,49.75,39.25,26.8,4,S
1929,32.2,46.5,49.8,35.5,27.15,3,M
1930,33.25,46.2,49.5,36.7,27.4,3,M
1931,32.35,46.65,45.75,42.7,28.4,4,S
1932,32.65,47.45,47.9,42.25,28.1,4,S
1933,36.9,49.2,49.3,44.0,29.75,2,XL
1934,35.1,51.5,52.45,41.75,30.1,0,L
1935,34.6,48.6,51.15,37.0,28.6,3,M
1936,33.05,48.4,49.75,39.45,24.6,4,S
1937,36.1,50.4,48.3,40.85,30.95,0,L
1938,35.75,47.75,51.55,41.4,29.2,0,L
1939,33.75,47.45,48.75,32.6,28.4,3,M
1940,32.35,46.6,48.15,38.3,26.5,4,S
1941,32.15,46.65,47.75,34.75,27.85,3,M
1942,36.2,50.7,51.3,44.05,31.8,2,XL
1943,33.9,50.4,50.25,39.35,30.1,0,L
1944,31.3,43.25,49.6,33.6,25.4,1,XS
1945,32.85,46.65,48.5,42.3,26.9,4,S
1946,33.75,47.95,49.25,37.4,29.15,3,M
1947,35.7,51.8,52.35,41.2,31.05,0,L
1948,32.0,45.3,51.15,37.55,26.95,3,M
1949,34.9,46.0,50.75,34.65,26.55,3,M
1950,33.35,45.3,49.9,36.8,26.5,3,M
1951,33.55,47.45,48.7,40.9,28.4,4,S
1952,32.5,47.65,46.15,41.15,29.6,4,S
1953,33.0,44.1,49.25,38.25,25.75,3,M
1954,32.5,44.95,49.25,38.5,27.35,3,M
1955,31.0,45.1,47.4,37.8,25.0,4,S
1956,34.5,48.55,50.0,40.2,29.75,0,L
1957,32.5,44.85,47.65,36.85,27.15,3,M
1958,32.3,47.55,49.55,43.15,27.55,4,S
1959,31.6,46.1,48.95,36.0,26.5,3,M
1960,36.5,48.15,51.9,41.65,28.85,0,L
1961,32.5,45.0,50.0,35.35,27.5,3,M
1962,33.9,49.25,49.4,37.0,28.95,0,L
1963,33.5,45.55,46.5,37.15,28.35,3,M
1964,32.9,46.55,49.9,33.85,27.1,3,M
1965,30.5,42.85,48.35,29.6,24.05,1,XS
1966,36.3,48.3,50.95,34.05,28.55,3,M
1967,32.0,44.6,45.05,38.2,26.1,4,S
1968,30.75,40.1,45.75,31.1,22.1,1,XS
1969,37.75,52.9,50.0,46.2,32.5,2,XL
1970,32.5,45.8,48.7,33.9,26.75,1,XS
1971,32.25,44.85,49.1,37.0,25.15,3,M
1972,30.7,46.55,50.0,33.5,25.35,1,XS
1973,34.7,49.95,49.4,46.05,30.0,2,XL
1974,31.85,43.65,49.25,35.85,26.05,1,XS
1975,32.7,48.9,44.5,45.2,29.65,2,XL
1976,33.55,48.55,50.5,41.6,28.45,0,L
1978,32.2,50.2,50.5,39.45,30.15,0,L
1979,33.5,47.15,49.9,37.2,29.2,3,M
1980,32.75,46.25,52.9,33.6,25.7,3,M
1982,30.8,44.85,47.4,39.6,27.45,4,S
1983,32.5,45.2,49.35,39.75,26.4,4,S
1984,32.8,48.25,51.4,40.95,28.05,0,L
1985,34.0,52.15,50.05,43.7,31.65,2,XL
1986,33.5,44.95,48.1,38.2,26.55,4,S
1987,31.75,44.8,48.8,39.85,25.15,4,S
1988,31.4,46.5,45.25,44.15,26.35,4,S
1989,33.8,47.65,49.45,35.35,27.75,3,M
1990,29.3,46.25,48.35,40.4,25.0,4,S
1991,31.75,43.9,50.75,33.7,25.85,1,XS
1992,33.3,49.75,51.45,42.2,30.6,0,L
1993,32.65,48.25,51.55,40.6,29.15,0,L
1994,32.3,45.85,47.25,36.95,27.0,3,M
1995,33.15,47.2,50.8,35.15,26.35,3,M
1996,34.85,46.9,51.2,36.1,28.85,3,M
1997,33.6,49.5,50.9,37.8,30.0,0,L
1998,31.75,44.7,46.0,39.4,27.45,4,S
1999,33.25,45.4,46.35,40.8,25.25,4,S
2000,32.65,47.05,52.6,36.15,26.7,3,M
2001,33.5,50.8,50.0,39.15,30.65,0,L
2002,32.0,43.8,49.55,34.95,26.9,1,XS
2003,30.55,44.0,46.05,42.35,25.7,4,S
2004,33.2,46.6,46.0,37.95,27.0,4,S
2005,32.2,44.7,47.05,35.95,25.85,1,XS
2006,32.0,47.15,48.65,35.7,27.6,3,M
2007,35.5,47.55,53.4,35.7,27.5,3,M
2008,33.0,49.75,51.5,43.4,30.15,0,L
2009,32.5,44.4,46.5,44.3,26.5,4,S
2010,34.1,47.85,51.2,37.6,29.35,0,L
2011,33.0,47.75,51.25,37.9,26.55,3,M
2012,33.5,50.5,47.4,37.2,30.4,0,L
2013,32.9,48.85,47.75,44.95,29.5,2,XL
2014,30.5,44.75,48.45,35.6,25.0,1,XS
2015,33.0,48.15,45.9,40.1,30.55,4,S
2017,34.5,46.7,47.5,38.5,27.85,4,S
2018,33.25,49.8,50.1,40.3,30.6,0,L
2019,31.7,47.45,50.95,37.65,27.4,3,M
2020,33.65,50.1,46.85,46.25,30.85,2,XL
2021,31.65,44.65,47.7,40.85,27.65,4,S
2022,34.9,51.55,49.75,36.55,29.7,0,L
2023,33.2,47.9,44.45,47.6,29.25,2,XL
2024,33.15,46.75,46.7,50.5,27.15,2,XL
2025,32.55,45.15,49.3,34.65,27.7,3,M
2026,31.8,44.45,45.6,40.95,25.5,4,S
2027,34.8,46.55,51.55,38.9,27.8,3,M
2028,34.15,49.05,50.95,38.6,28.8,0,L
2029,34.7,46.5,49.0,36.55,27.05,3,M
2030,31.85,45.15,47.5,32.15,27.25,1,XS
2031,31.5,44.5,46.75,40.6,26.65,4,S
2032,32.3,45.9,46.25,42.0,28.35,4,S
2033,33.8,46.8,51.4,38.9,27.9,3,M
2034,33.6,48.3,49.05,36.5,29.25,3,M
2035,32.0,42.7,48.85,31.45,24.95,1,XS
2036,32.35,50.6,48.7,38.15,30.6,0,L
2037,32.85,45.8,54.2,34.45,27.0,3,M
2039,31.25,49.95,49.9,41.85,29.65,0,L
2040,31.05,43.25,47.0,40.05,25.4,4,S
2041,31.2,47.9,51.35,39.85,28.05,0,L
2042,31.15,46.2,46.6,37.7,27.95,4,S
2043,32.85,45.9,47.05,40.1,27.3,4,S
2044,34.4,48.25,49.1,44.2,29.5,2,XL
2045,30.65,43.9,50.8,38.55,23.7,1,XS
2046,32.8,43.3,47.05,38.8,24.0,4,S
2047,31.75,45.1,52.0,39.9,26.65,3,M
2048,31.65,47.65,51.3,34.85,26.9,3,M
2049,31.9,46.0,48.85,35.95,26.9,3,M
2050,33.45,46.5,47.55,41.15,28.6,4,S
2051,33.5,50.0,47.4,40.05,30.4,0,L
2052,32.75,50.0,52.6,41.85,31.1,0,L
2053,31.25,46.15,49.55,37.3,27.35,3,M
2054,31.0,45.6,48.05,37.6,26.75,4,S
2055,31.0,46.65,48.5,35.35,27.6,3,M
2056,32.0,45.45,51.5,35.85,27.65,3,M
2057,31.25,44.5,49.25,35.85,27.2,3,M
2058,37.65,51.15,49.7,49.65,31.35,2,XL
2059,31.15,43.1,50.15,33.85,24.8,1,XS
2060,34.8,51.2,48.7,45.65,32.1,2,XL
2061,31.5,44.5,47.8,33.25,25.6,1,XS
2062,35.0,52.05,49.25,45.75,30.15,2,XL
2063,31.9,46.4,48.9,38.4,27.15,4,S
2064,32.0,46.25,47.45,40.25,28.35,4,S
2065,32.1,47.5,50.05,38.35,27.1,3,M
2066,31.6,44.7,49.75,41.3,24.65,4,S
2067,30.25,45.6,50.2,37.25,25.65,3,M
2068,31.6,46.5,51.1,34.5,26.25,3,M
2069,31.3,48.15,47.65,40.85,29.4,4,S
2070,33.15,46.9,52.5,32.85,26.8,3,M
2071,34.6,51.3,50.2,40.2,31.9,0,L
2072,30.8,45.2,52.85,34.9,25.1,3,M
2073,35.3,50.8,49.15,41.0,31.55,0,L
2074,32.25,48.6,47.25,41.8,27.0,4,S
2075,32.65,48.3,51.1,38.65,27.2,3,M
2076,34.25,48.65,50.85,38.6,28.1,0,L
2077,30.55,45.4,46.95,38.05,26.7,4,S
2079,34.7,49.4,49.3,47.95,28.05,2,XL
2080,33.75,50.4,51.25,39.2,29.45,0,L
2081,35.2,50.0,47.65,38.95,30.3,0,L
2082,32.2,44.9,48.7,36.4,24.35,1,XS
2083,29.85,43.25,46.15,32.75,24.3,1,XS
2084,35.15,47.75,52.0,38.45,27.55,0,L
2085,33.75,47.2,50.1,38.1,27.25,3,M
2086,33.3,46.4,49.1,36.0,26.4,3,M
2087,34.75,45.15,52.25,36.6,24.9,3,M
2088,30.15,44.35,48.5,32.45,24.85,1,XS
2090,34.75,48.9,50.9,41.35,28.45,0,L
2091,33.25,49.25,48.45,36.7,28.5,3,M
2092,32.5,46.75,47.15,34.7,27.75,3,M
2093,29.75,41.85,49.3,32.65,24.7,1,XS
2094,34.0,50.2,51.15,38.75,30.3,0,L
2096,36.0,51.25,49.05,43.15,31.0,2,XL
2097,31.65,45.4,48.9,37.65,25.7,3,M
2098,32.0,46.65,47.75,39.2,26.5,4,S
2099,33.5,45.65,50.75,33.0,25.9,3,M
2100,33.75,45.5,46.65,39.6,26.6,4,S
2101,31.0,47.5,47.5,39.6,28.3,4,S
2102,31.5,48.4,48.0,36.0,27.85,3,M
2103,31.25,44.25,46.55,39.1,24.5,4,S
2104,32.0,46.0,50.5,36.1,26.7,3,M
2105,32.0,45.25,53.75,31.95,25.15,1,XS
2106,31.9,48.7,50.15,36.3,28.4,3,M
2107,33.55,46.05,50.9,35.35,26.4,3,M
2108,31.75,48.4,49.55,41.15,28.15,4,S
2109,29.2,41.5,48.75,29.8,23.2,1,XS
2110,33.1,50.05,50.45,49.5,29.55,2,XL
2111,31.3,43.65,47.45,33.35,25.6,1,XS
2112,33.05,47.25,50.4,40.0,28.8,0,L
2113,33.15,46.25,47.25,42.35,28.8,4,S
2114,33.55,51.75,49.0,41.6,31.05,0,L
2115,29.55,42.9,48.85,33.0,25.4,1,XS
2116,34.25,52.9,48.25,43.35,31.95,2,XL
2117,30.7,47.05,46.25,38.4,26.55,4,S
2118,32.4,46.5,50.5,35.7,26.9,3,M
2119,32.1,50.7,49.45,44.95,31.6,2,XL
2120,30.25,41.8,44.9,39.5,24.1,4,S
2121,32.15,43.45,46.75,39.45,26.65,4,S
2122,29.05,42.1,46.0,31.7,25.15,1,XS
2123,32.5,51.05,48.55,40.6,30.1,0,L
2124,30.7,44.65,49.45,40.35,25.8,4,S
2125,29.45,44.25,48.85,38.4,26.35,4,S
2126,30.75,44.0,43.85,41.05,26.85,4,S
2127,34.15,48.5,48.45,47.0,28.3,2,XL
2128,33.2,49.1,47.5,47.05,28.5,2,XL
2129,29.45,42.95,47.65,37.85,25.0,1,XS
2130,32.25,48.75,49.6,44.5,29.05,2,XL
2131,31.5,46.55,48.4,40.05,28.0,4,S
2132,34.2,50.5,49.5,43.7,29.5,2,XL
2133,31.3,45.9,47.2,40.6,27.35,4,S
2134,33.5,47.25,49.45,43.75,27.25,4,S
2135,35.0,52.05,47.0,46.8,31.7,2,XL
2136,31.25,45.1,51.1,36.7,26.05,3,M
2137,30.25,49.0,51.4,36.75,28.25,3,M
2138,31.15,50.75,47.5,40.4,30.6,0,L
2139,28.5,42.25,48.5,34.75,23.55,1,XS
2140,31.3,45.6,43.55,45.05,25.9,4,S
2141,33.7,50.05,45.1,45.5,31.15,2,XL
2142,35.75,49.75,47.95,47.25,28.45,2,XL
2143,32.75,47.05,45.45,48.15,28.85,2,XL
2144,31.6,48.85,49.4,47.35,28.55,2,XL
2145,31.25,47.65,48.9,41.25,27.6,4,S
2146,30.7,45.0,49.05,39.5,26.5,4,S
2147,29.0,44.15,47.15,36.55,25.25,1,XS
2148,32.5,48.25,51.75,36.85,29.25,3,M
2149,29.5,45.9,47.2,38.9,26.6,4,S
2150,34.5,49.05,48.3,45.15,28.25,2,XL
2151,35.0,50.5,47.4,40.5,29.85,0,L
2152,30.0,43.0,45.75,40.2,26.05,4,S
2153,31.75,46.9,48.5,37.9,27.9,3,M
2154,34.5,46.25,48.5,38.5,27.2,3,M
2155,36.5,49.25,49.5,45.0,29.2,2,XL
2156,35.5,51.6,49.85,45.0,33.05,2,XL
2157,32.0,45.5,50.25,34.95,27.0,3,M
2158,33.95,43.35,50.95,36.6,27.95,3,M
2159,32.0,47.15,51.4,38.2,27.6,3,M
2160,31.75,45.25,46.8,36.6,27.35,3,M
2161,32.5,48.55,49.05,39.75,29.5,0,L
2162,30.0,43.9,48.85,39.4,26.05,4,S
2163,32.5,45.15,47.2,35.1,27.05,1,XS
2164,30.5,43.85,51.15,37.15,25.2,1,XS
2165,32.45,45.4,49.5,34.3,27.55,3,M
2166,32.1,44.3,48.65,35.9,27.05,3,M
2167,33.0,48.85,52.65,40.9,29.35,0,L
2168,34.75,51.25,47.85,46.1,33.25,2,XL
2169,32.0,47.15,49.25,38.1,28.3,3,M
2170,31.65,51.1,51.6,42.7,31.65,0,L
2171,30.5,43.65,50.0,34.5,25.9,1,XS
2172,34.1,46.15,49.05,37.15,28.3,3,M
2173,34.75,46.25,54.7,34.25,27.75,3,M
2174,32.5,47.8,54.35,37.7,29.35,3,M
2175,32.0,46.45,50.1,34.75,27.1,3,M
2176,31.5,45.85,46.7,43.4,26.75,4,S
2177,30.5,46.5,48.05,34.25,27.1,1,XS
2178,32.5,49.25,51.65,36.25,29.55,3,M
2179,35.3,49.8,50.5,47.85,31.95,2,XL
2180,32.0,49.8,48.25,40.2,30.2,0,L
2181,34.15,49.85,46.85,42.4,31.05,2,XL
2182,33.0,49.7,48.25,41.75,28.25,0,L
2183,32.0,45.4,46.1,41.85,27.35,4,S
2184,32.5,45.65,47.15,44.5,26.1,4,S
2185,32.35,47.45,50.4,44.7,27.3,4,S
2186,29.0,41.5,48.25,29.7,23.7,1,XS
2187,33.35,48.35,50.1,38.85,30.5,0,L
2188,30.75,44.8,49.1,37.75,26.5,3,M
2189,31.55,48.6,47.25,39.1,29.75,4,S
2190,32.1,46.85,47.0,35.0,28.8,3,M
2191,32.45,51.8,49.6,46.1,32.25,2,XL
2192,33.5,45.45,49.5,35.9,25.5,3,M
2193,32.75,49.15,49.55,43.35,31.15,2,XL
2194,29.85,44.75,48.5,34.75,27.5,1,XS
2195,33.15,50.15,49.25,44.0,30.5,2,XL
2196,32.1,44.8,45.75,43.85,25.85,4,S
2197,27.9,43.75,43.75,36.7,24.6,1,XS
2199,30.35,43.85,50.95,33.65,24.55,1,XS
2200,31.3,44.95,46.65,36.25,26.15,1,XS
2201,31.9,44.85,49.25,36.8,25.3,3,M
2202,33.6,46.55,48.95,42.1,28.3,4,S
2203,31.4,48.3,50.95,37.55,28.7,3,M
2204,33.4,49.0,50.85,39.05,31.05,0,L
2205,32.85,46.6,49.95,33.65,26.45,3,M
2206,33.2,49.3,49.45,39.85,30.25,0,L
2207,32.95,51.65,49.45,44.2,30.85,2,XL
2208,34.5,51.05,50.35,40.9,29.8,0,L
2209,31.55,46.0,47.75,34.4,27.35,1,XS
2211,34.15,49.75,51.9,42.2,31.05,0,L
2212,34.9,48.7,46.8,41.3,30.55,0,L
2213,31.3,45.0,46.45,37.5,26.6,4,S
2214,33.1,49.55,48.0,40.65,31.05,0,L
2215,31.4,43.15,49.55,35.35,25.55,1,XS
2216,32.5,47.45,50.25,36.25,27.7,3,M
2217,32.15,46.5,48.7,39.25,27.6,4,S
2218,33.25,49.15,52.4,39.95,30.2,0,L
2219,33.6,50.85,50.6,41.35,29.2,0,L
2220,32.95,49.0,50.45,41.2,29.35,0,L
2221,31.0,46.9,46.35,39.0,28.45,4,S
2222,31.65,48.25,53.5,37.95,27.85,3,M
2224,34.15,48.6,49.25,39.55,28.65,0,L
2225,30.9,42.8,50.25,32.75,24.45,1,XS
2226,35.0,48.65,47.75,41.5,30.25,0,L
2227,34.85,50.65,48.35,46.3,30.75,2,XL
2228,29.5,41.8,51.15,33.1,24.35,1,XS
2229,34.9,52.9,53.15,41.8,30.25,0,L
2230,31.5,44.6,49.2,32.65,25.7,1,XS
2231,31.5,43.45,46.85,37.5,25.4,1,XS
2232,32.0,43.75,48.5,37.6,26.7,3,M
2233,34.1,45.5,47.7,39.25,26.3,4,S
2234,31.75,42.75,47.25,40.65,26.5,4,S
2235,31.25,43.35,46.5,38.6,24.95,4,S
2236,35.75,47.05,47.95,40.85,29.35,0,L
2237,36.0,49.85,47.25,38.4,31.15,0,L
2238,32.0,45.0,50.05,34.3,26.9,3,M
2239,33.0,45.8,52.5,37.4,27.5,3,M
2240,34.4,49.25,49.25,38.8,31.0,0,L
2241,35.5,53.1,49.75,47.7,32.8,2,XL
2242,34.5,48.7,49.9,43.1,30.7,2,XL
2243,29.0,44.3,48.25,35.55,28.0,1,XS
2244,31.0,45.2,50.9,33.55,27.0,1,XS
2245,34.0,50.35,48.15,42.75,32.1,2,XL
2246,35.0,50.65,48.95,40.6,31.9,0,L
2247,31.25,47.05,50.1,33.35,28.35,3,M
2248,31.5,48.15,51.5,36.1,28.95,3,M
2249,29.5,40.75,48.55,31.5,24.5,1,XS
2250,34.25,50.35,50.0,39.15,32.15,0,L
2251,34.9,48.55,50.5,40.95,30.35,0,L
2252,30.0,42.35,48.05,36.65,24.75,1,XS
2253,31.0,44.5,48.65,34.5,26.5,1,XS
2254,33.5,48.85,50.35,40.8,28.5,0,L
2255,30.1,43.6,50.35,39.5,25.6,4,S
2256,32.5,43.5,49.55,39.55,26.0,4,S
2257,33.7,52.15,46.5,46.95,34.1,2,XL
2258,31.9,48.85,48.7,36.65,31.15,3,M
2259,33.95,49.3,48.75,45.1,30.8,2,XL
2261,31.65,45.2,48.5,31.8,26.65,1,XS
2262,32.4,49.5,50.5,38.35,29.75,0,L
2263,30.85,45.8,46.25,35.25,27.8,1,XS
2265,31.7,46.45,50.15,36.0,26.7,3,M
2266,31.15,45.35,49.45,33.4,27.7,1,XS
2267,36.85,53.15,49.0,48.1,34.1,2,XL
2268,31.65,45.0,50.4,34.6,27.75,3,M
2269,35.65,45.4,48.95,43.45,28.3,4,S
2270,30.5,43.75,48.25,40.5,26.2,4,S
2271,33.15,47.75,49.35,44.05,27.3,4,S
2272,37.35,54.1,48.45,43.3,33.4,2,XL
2273,32.0,48.1,46.15,42.55,29.0,4,S
2274,34.15,49.55,47.6,38.3,28.05,0,L
2275,34.05,44.4,48.5,34.45,26.55,1,XS
2276,36.55,52.6,51.3,46.75,32.95,2,XL
2277,33.9,49.9,47.95,41.75,30.4,0,L
2278,35.75,54.55,48.1,48.1,32.5,2,XL
2279,34.4,50.2,49.65,38.6,30.4,0,L
2280,34.7,50.65,51.0,37.25,28.65,0,L
2281,31.4,45.85,49.0,34.85,27.7,3,M
2282,32.2,48.65,54.5,34.4,28.35,3,M
2283,29.9,45.4,46.05,39.25,26.1,4,S
2284,33.25,49.3,46.95,42.0,30.0,0,L
2285,31.1,47.1,50.95,34.8,27.75,3,M
2286,31.2,46.2,50.55,34.2,27.65,3,M
2287,32.15,46.95,50.0,34.05,28.6,3,M
2288,33.4,47.2,53.3,36.15,26.7,3,M
2289,28.0,41.75,46.75,30.9,24.9,1,XS
2290,33.0,47.9,45.85,46.2,27.85,2,XL
2291,31.7,44.1,46.75,40.75,25.85,4,S
2292,33.75,47.3,46.55,38.0,24.85,4,S
2293,30.75,44.0,47.9,41.15,22.25,4,S
2294,31.5,43.0,47.5,41.8,24.75,4,S
2295,30.0,42.25,46.8,37.7,23.95,1,XS
2296,30.0,45.15,49.05,34.15,27.45,1,XS
2297,36.9,52.65,52.7,44.5,32.1,2,XL
2298,33.75,49.25,50.35,38.35,30.0,0,L
2299,34.5,48.65,50.5,38.25,29.8,0,L
2300,32.75,45.7,49.15,35.35,26.2,3,M
2301,31.5,46.8,48.0,42.35,27.25,4,S
2302,31.75,45.25,51.5,34.6,27.2,3,M
2303,36.5,48.85,50.9,39.9,29.7,0,L
2304,31.75,42.35,50.15,29.65,24.9,1,XS
2305,32.0,44.3,51.25,29.65,25.8,1,XS
2306,31.5,44.8,50.2,36.65,26.1,3,M
2307,35.0,48.35,51.25,39.85,28.2,0,L
2308,32.0,43.85,47.75,33.8,26.7,1,XS
2309,30.5,41.2,51.05,30.35,21.65,1,XS
2310,36.5,51.35,51.0,44.1,28.75,2,XL
2311,33.0,45.65,51.1,34.3,26.85,3,M
2312,31.4,46.6,49.6,37.05,27.35,3,M
2313,30.85,42.9,46.0,34.45,25.8,1,XS
2314,32.0,46.9,51.65,35.8,27.7,3,M
2315,33.7,48.05,47.8,42.15,28.6,4,S
2316,33.25,49.1,52.25,37.85,28.95,0,L
2317,31.65,43.35,50.8,33.0,25.0,1,XS
2318,30.4,44.4,47.6,37.75,25.95,4,S
2319,32.15,46.4,48.25,34.55,27.4,3,M
2320,32.5,45.75,46.5,45.35,24.95,4,S
2321,34.75,49.65,49.1,44.75,29.8,2,XL
2322,33.7,49.0,52.45,39.5,30.65,0,L
2323,35.2,50.0,49.4,40.3,28.7,0,L
2324,31.2,45.45,48.45,34.3,27.1,1,XS
2325,32.45,45.7,49.75,35.65,27.25,3,M
2327,31.4,47.85,46.75,43.5,27.9,4,S
2328,31.3,47.1,47.1,39.25,26.5,4,S
2330,31.05,47.5,46.1,36.5,28.15,3,M
2331,31.75,46.45,47.55,34.75,27.8,3,M
2332,29.75,46.65,49.1,38.0,26.6,3,M
2333,34.55,48.55,47.4,43.15,27.5,4,S
2334,34.25,48.5,52.7,43.5,27.85,0,L
2335,30.45,43.75,48.1,34.05,24.3,1,XS
2336,31.65,46.75,49.6,35.75,25.9,3,M
2337,32.35,45.75,48.45,38.75,24.45,4,S
2338,29.4,41.25,45.4,40.1,23.4,4,S
2339,30.4,44.95,44.95,37.15,25.95,4,S
2340,36.15,50.45,51.3,41.6,29.7,0,L
2341,33.25,45.8,49.05,41.3,26.45,4,S
2342,34.0,49.8,45.5,39.6,30.05,0,L
2343,34.0,46.35,49.75,36.65,27.95,3,M
2344,35.0,46.0,50.2,39.35,26.45,3,M
2345,31.5,43.3,48.65,33.15,25.15,1,XS
2346,33.75,43.85,48.5,31.55,25.1,1,XS
2347,36.0,47.9,48.75,42.9,27.4,0,L
2348,30.65,42.0,46.2,35.5,22.25,1,XS
2349,32.5,44.95,47.5,33.4,26.2,1,XS
2350,34.5,46.1,49.1,37.45,25.65,3,M
2351,33.0,45.05,48.65,40.6,25.5,4,S
2352,31.75,48.1,45.1,43.0,27.45,4,S
2353,35.1,53.2,54.25,45.85,31.0,2,XL
2354,33.65,48.8,50.1,40.85,28.5,0,L
2355,28.75,43.95,48.1,35.25,23.9,1,XS
2356,32.95,47.2,48.7,45.0,26.35,4,S
2357,35.65,48.6,48.5,45.5,26.9,2,XL
2358,33.5,45.85,51.35,37.45,26.2,3,M
2359,32.9,50.9,47.95,36.0,30.8,0,L
2360,34.4,52.0,48.0,41.95,30.65,0,L
2361,38.4,52.65,50.45,48.8,30.45,2,XL
2362,31.4,49.5,46.5,43.4,29.5,2,XL
2363,29.0,44.9,49.95,39.35,25.3,4,S
2364,33.7,49.3,50.7,43.1,28.8,0,L
2367,28.5,44.8,47.95,33.95,25.55,1,XS
2368,30.0,47.15,44.95,42.5,27.6,4,S
2370,37.5,54.3,53.1,39.4,30.3,0,L
2371,32.5,44.9,49.9,32.4,27.0,1,XS
2372,30.25,45.65,46.55,37.2,26.9,4,S
2373,29.0,43.4,48.65,33.45,24.7,1,XS
2374,33.2,48.75,51.7,36.45,30.2,3,M
2375,32.8,46.0,47.0,39.2,26.6,4,S
2376,30.8,45.0,48.6,49.05,26.45,4,S
2377,31.4,43.65,49.45,34.75,24.75,1,XS
2378,30.75,43.5,47.7,35.1,25.65,1,XS
2379,29.65,40.3,50.25,30.7,23.9,1,XS
2380,34.5,47.65,45.4,40.2,26.55,4,S
2381,36.0,51.55,49.55,45.6,32.3,2,XL
2382,33.55,49.45,49.85,44.4,28.9,2,XL
2383,34.2,44.65,46.9,48.6,25.2,4,S
2384,31.25,46.5,48.2,35.45,26.9,3,M
2385,32.2,48.8,50.35,37.2,29.35,3,M
2386,33.85,48.7,45.0,40.55,29.1,4,S
2387,33.75,51.9,45.75,50.1,30.75,2,XL
2388,30.4,48.6,47.35,37.8,29.45,4,S
2389,31.85,46.3,47.95,37.0,26.4,3,M
2390,32.1,48.2,48.0,42.35,27.2,4,S
2391,33.2,48.2,49.5,38.05,27.55,3,M
2392,36.75,48.0,49.15,36.9,27.3,3,M
2393,34.1,47.7,51.7,38.55,28.8,0,L
2394,31.75,48.55,47.65,46.55,29.0,2,XL
2395,32.0,44.65,47.0,33.75,25.5,1,XS
2396,34.0,50.0,50.15,42.75,29.0,0,L
2397,32.5,41.4,46.05,36.2,22.05,1,XS
2398,30.65,43.45,46.5,43.8,24.4,4,S
2399,31.9,46.3,49.1,42.35,27.2,4,S
2400,36.75,51.5,52.4,44.4,28.4,2,XL
2401,31.15,47.9,44.35,36.15,27.0,4,S
2402,31.75,45.2,53.3,36.3,25.95,3,M
2403,33.2,47.85,47.4,42.65,24.7,4,S
2405,33.15,51.8,46.7,47.7,28.3,2,XL
2407,34.4,48.0,50.2,41.9,27.2,0,L
2409,33.85,48.15,49.0,37.55,26.45,3,M
2410,31.65,45.15,47.65,41.55,25.5,4,S
2411,34.65,51.5,48.15,38.15,30.25,0,L
2412,31.75,46.3,49.6,36.75,28.35,3,M
2413,30.25,43.25,47.6,36.0,25.1,1,XS
2415,32.0,45.75,45.2,47.25,26.45,4,S
2416,32.25,47.55,48.85,40.0,26.95,4,S
2417,34.9,51.0,47.55,45.95,29.75,2,XL
2418,33.6,45.95,48.1,36.05,27.35,3,M
2419,30.6,44.6,49.75,34.4,25.3,1,XS
2420,34.5,47.6,48.85,39.4,25.9,4,S
2421,32.5,48.0,47.55,44.4,26.15,4,S
2424,32.25,48.25,47.7,38.0,27.7,4,S
2425,34.5,50.2,47.25,46.75,27.25,2,XL
2426,33.2,47.9,46.65,37.75,28.15,4,S
2427,34.6,48.8,48.75,40.6,28.3,0,L
2428,34.5,46.55,49.35,37.55,26.6,3,M
2429,32.5,45.1,50.25,34.85,25.85,3,M
2430,32.0,44.9,44.9,41.9,26.25,4,S
2431,35.75,48.5,47.85,45.1,29.35,2,XL
2432,33.5,47.85,50.45,37.9,28.4,3,M
2433,35.25,50.2,49.0,42.25,29.45,0,L
2434,31.9,46.75,47.35,37.0,26.15,3,M
2435,36.0,52.95,49.25,45.1,30.6,2,XL
2436,31.0,43.3,49.25,37.95,24.2,1,XS
2437,33.5,46.55,46.6,41.2,26.45,4,S
2438,32.5,44.4,51.1,35.05,25.8,3,M
2439,34.65,51.5,51.7,37.6,28.45,0,L
2440,32.9,49.85,46.75,40.2,29.0,0,L
2441,33.65,47.45,51.45,42.6,26.6,0,L
2442,30.75,46.2,51.95,37.1,26.1,3,M
2443,32.65,47.3,49.0,39.75,27.4,4,S
2444,31.1,45.5,51.2,38.65,25.65,3,M
2445,31.8,45.45,51.8,35.45,25.0,3,M
2446,33.5,48.55,47.5,45.35,27.2,2,XL
2447,32.75,46.65,45.85,46.35,25.7,4,S
2448,34.4,48.8,46.8,37.0,29.25,0,L
2450,36.9,52.95,51.85,44.1,29.45,2,XL
2451,32.9,47.8,50.3,41.85,26.3,4,S
2452,34.2,48.85,49.15,40.95,28.25,0,L
2453,33.45,48.2,45.6,43.8,28.75,4,S
2454,32.75,48.15,47.7,42.1,27.75,4,S
2455,29.75,43.0,45.75,37.95,25.2,1,XS
2456,32.75,46.85,51.25,38.85,25.8,3,M
2457,32.4,45.9,47.95,36.45,27.3,3,M
2458,30.95,44.9,47.3,39.5,26.4,4,S
2460,33.2,50.5,50.25,39.05,29.7,0,L
2461,34.75,47.7,51.1,35.7,26.25,3,M
2462,33.15,47.95,52.2,39.1,27.55,0,L
2463,35.75,53.5,46.75,47.55,32.7,2,XL
2464,30.05,42.0,49.35,33.25,23.9,1,XS
2465,33.55,48.7,50.25,39.2,27.4,0,L
2466,33.3,46.6,46.85,38.0,27.25,4,S
2467,30.0,45.45,50.85,37.2,25.35,3,M
2468,31.25,44.65,49.95,34.2,26.25,1,XS
2469,36.2,52.35,53.5,47.65,28.9,2,XL
2470,34.65,47.9,46.9,44.45,27.85,2,XL
2471,30.5,42.75,48.25,36.75,24.4,1,XS
2472,36.95,50.85,47.75,45.9,28.5,2,XL
2473,31.75,46.05,47.95,38.25,27.1,4,S
2474,33.5,45.9,52.15,32.4,24.35,1,XS
2476,31.0,43.05,50.25,34.9,25.65,1,XS
2477,31.75,44.8,46.2,41.55,25.85,4,S
2478,36.0,50.25,44.75,48.5,30.95,2,XL
2479,29.5,43.7,44.75,40.4,25.9,4,S
2480,33.5,48.5,48.65,41.25,29.7,0,L
2481,33.5,51.5,49.6,44.05,31.55,2,XL
2482,30.5,41.05,50.15,31.05,22.6,1,XS
2483,31.8,42.95,44.95,36.0,24.35,1,XS
2484,31.6,44.35,46.25,36.2,23.55,1,XS
2485,35.25,47.9,53.75,37.6,28.45,0,L
2486,33.2,43.7,49.6,31.6,24.1,1,XS
2487,34.15,47.55,48.35,38.7,26.45,4,S
2488,32.8,45.95,47.95,40.85,25.45,4,S
2489,30.45,45.4,47.9,34.85,25.2,1,XS
2490,30.2,42.3,47.5,33.65,24.45,1,XS
2491,31.0,44.9,48.25,31.75,24.35,1,XS
2492,31.75,44.5,51.35,33.75,25.9,1,XS
2493,32.5,44.35,47.7,37.6,25.5,4,S
2494,31.35,43.8,46.2,37.05,25.75,1,XS
2495,30.5,44.5,47.2,35.75,24.0,1,XS
2496,31.3,45.25,46.3,41.75,25.5,4,S
2497,32.7,46.55,49.05,38.9,26.1,4,S
2498,30.9,43.8,45.15,36.8,24.35,1,XS
2499,31.15,44.3,49.85,34.0,25.15,1,XS
2501,31.9,47.6,49.65,37.4,27.25,3,M
2502,33.0,48.85,45.05,42.2,30.05,4,S
2503,34.2,48.9,47.25,46.45,26.65,2,XL
2504,30.75,43.05,49.5,30.85,24.55,1,XS
2505,33.05,48.5,48.2,41.5,29.1,0,L
2506,33.4,46.95,51.5,34.7,27.45,3,M
2507,30.65,44.05,46.5,38.75,24.2,4,S
2508,32.0,45.65,50.05,37.2,24.5,3,M
2509,32.15,46.5,52.3,38.65,25.05,3,M
2510,32.5,46.15,47.7,40.0,27.2,4,S
2511,30.3,42.9,45.0,34.05,25.35,1,XS
2512,30.0,43.8,45.7,39.6,25.6,4,S
2513,32.0,43.1,48.7,30.45,23.7,1,XS
2514,30.9,43.7,47.2,37.65,24.6,1,XS
2515,37.5,54.5,49.6,50.7,33.45,2,XL
2516,35.75,51.3,50.4,39.45,30.55,0,L
2517,35.0,50.15,44.75,43.35,30.1,2,XL
2518,31.75,46.1,47.3,44.7,26.45,4,S
2519,35.25,49.2,52.35,46.8,27.7,2,XL
2520,32.0,42.5,47.15,36.25,23.75,1,XS
2521,34.5,47.65,49.15,42.35,28.55,0,L
2523,35.9,49.1,49.45,42.3,28.6,0,L
2524,31.65,45.95,51.05,36.0,26.6,3,M
2525,34.25,49.8,49.85,38.0,28.15,0,L
2526,33.15,46.0,49.55,35.15,27.05,3,M
2527,33.6,45.3,49.55,35.35,26.7,3,M
2528,31.3,47.05,47.5,41.2,26.3,4,S
2529,30.5,43.45,45.2,37.55,23.95,1,XS
2530,31.75,45.75,50.45,43.0,25.25,4,S
2531,34.65,48.0,47.65,45.1,28.1,2,XL
2532,34.65,48.15,47.95,41.1,26.7,4,S
2533,35.7,47.0,53.45,35.8,28.25,3,M
2534,33.25,45.65,49.3,35.2,24.45,1,XS
2535,33.05,50.0,47.3,40.25,28.9,0,L
2536,31.5,44.35,49.55,32.3,24.35,1,XS
2537,32.9,46.0,45.5,45.25,27.25,4,S
2538,32.9,44.5,50.65,31.65,24.9,1,XS
2539,30.25,40.6,44.9,31.0,22.5,1,XS
2540,36.0,50.35,48.85,49.1,29.45,2,XL
2541,32.45,45.25,49.5,41.5,26.35,4,S
2542,33.15,49.0,48.1,47.0,28.05,2,XL
2543,33.75,47.65,51.95,36.7,26.65,3,M
2544,35.2,48.55,46.3,44.7,26.35,2,XL
2545,32.95,48.45,48.95,40.85,29.35,0,L
2546,34.85,48.35,48.1,40.85,27.95,0,L
2547,34.25,50.45,51.3,44.85,29.55,2,XL
2548,34.0,46.65,46.7,42.4,26.05,4,S
2549,33.25,45.3,48.95,40.55,24.35,4,S
2550,34.0,46.75,47.9,37.35,28.8,3,M
2551,33.65,43.9,45.9,41.15,25.85,4,S
2552,33.2,47.65,49.25,40.15,27.4,4,S
2553,32.5,43.5,46.3,37.9,24.7,4,S
2554,32.5,42.9,46.65,40.15,25.2,4,S
2555,32.5,43.35,49.0,33.45,24.95,1,XS
2556,31.0,43.65,49.3,36.9,25.2,1,XS
2557,33.5,44.0,44.2,41.1,25.9,4,S
2558,34.0,47.2,47.8,43.1,27.8,4,S
2559,32.75,45.2,48.65,35.15,24.75,1,XS
2560,33.0,46.9,49.25,34.35,26.55,3,M
2561,35.45,47.5,50.8,38.45,27.5,0,L
2562,33.9,46.55,50.9,34.6,25.95,3,M
2563,31.55,44.7,47.3,34.45,28.05,1,XS
2564,34.55,48.75,51.8,41.2,29.0,0,L
2565,33.65,46.25,48.5,33.75,28.6,3,M
2566,35.4,51.4,48.7,43.65,30.6,2,XL
2567,33.65,46.35,46.65,39.35,26.8,4,S
2568,34.4,46.75,50.15,39.1,26.15,3,M
2569,33.75,49.05,52.45,41.9,28.95,0,L
2570,35.45,49.0,50.55,37.05,28.6,0,L
2571,33.75,46.1,52.7,34.45,27.8,3,M
2572,34.4,52.2,46.4,44.75,31.0,2,XL
2573,35.9,48.7,49.8,32.65,26.75,3,M
2574,33.2,49.2,51.45,43.75,28.7,2,XL
2575,31.95,46.25,53.05,33.4,25.8,3,M
2576,31.75,45.3,48.05,32.7,26.2,1,XS
2577,34.25,48.9,49.3,43.0,27.9,0,L
2578,33.5,51.5,46.45,44.4,29.8,2,XL
2579,35.95,53.0,47.25,44.3,29.45,2,XL
2580,32.2,45.9,48.05,38.8,26.2,4,S
2581,33.75,51.35,50.05,38.65,29.85,0,L
2582,32.25,47.65,48.65,33.8,27.85,3,M
2583,32.25,46.35,50.0,32.7,28.5,3,M
2584,31.15,43.75,48.25,35.25,23.75,1,XS
2585,34.2,52.45,48.9,40.8,30.5,0,L
2587,34.0,46.0,46.8,38.0,28.2,4,S
2588,32.15,45.35,50.0,34.75,26.4,3,M
2589,32.25,47.5,48.3,40.6,28.6,4,S
2590,34.2,48.6,49.25,42.95,28.75,0,L
2591,32.55,44.8,48.75,39.3,24.8,4,S
2592,31.35,44.5,47.7,35.9,25.2,1,XS
2593,36.85,52.3,49.5,38.85,32.25,0,L
2594,33.8,48.7,51.7,38.45,27.9,0,L
2596,36.5,53.45,51.15,45.9,32.35,2,XL
2597,29.9,41.85,47.25,33.25,24.0,1,XS
2598,33.15,42.65,52.35,34.35,24.3,1,XS
2599,32.5,45.3,45.25,38.95,26.0,4,S
2600,33.5,44.5,50.35,40.25,25.35,4,S
2601,31.0,44.3,51.55,33.4,24.5,1,XS
2602,36.5,48.5,50.45,47.75,29.25,2,XL
2603,32.6,45.25,47.85,37.5,26.45,3,M
2604,34.0,45.45,49.0,39.5,26.35,4,S
2605,32.4,45.1,48.75,34.9,25.8,1,XS
2606,35.5,48.35,51.4,44.35,30.5,2,XL
2607,37.0,51.75,50.0,47.9,31.5,2,XL
2608,33.5,47.7,48.65,42.85,27.0,4,S
2609,34.2,45.6,48.1,41.6,26.6,4,S
2610,32.65,47.35,48.7,35.25,27.55,3,M
2611,34.4,47.15,45.6,41.75,29.1,4,S
2612,33.25,48.25,49.5,39.5,28.4,0,L
2613,31.95,44.1,47.7,36.25,24.3,1,XS
2614,31.3,45.8,48.15,37.55,26.35,3,M
2615,33.3,46.0,50.05,34.75,25.85,3,M
2616,35.75,53.55,50.45,41.5,32.25,0,L
2617,31.65,42.75,49.1,34.75,24.6,1,XS
2618,33.95,46.7,47.65,41.0,28.3,4,S
2619,34.95,49.25,54.55,35.85,28.5,3,M
2620,30.05,41.5,47.1,35.0,23.35,1,XS
2621,29.2,42.7,45.35,38.0,23.0,1,XS
2622,32.75,46.25,51.4,35.1,25.9,3,M
2623,36.0,50.6,50.95,41.6,30.5,0,L
2624,35.5,53.2,48.05,49.1,32.85,2,XL
2625,31.4,45.9,50.85,32.25,25.1,1,XS
2626,32.75,45.5,53.1,32.45,25.9,3,M
2627,32.75,47.75,48.7,37.2,27.25,3,M
2628,33.95,53.1,53.45,38.0,30.9,0,L
2629,31.25,45.0,50.15,34.9,27.4,3,M
2630,33.45,43.05,50.65,33.45,23.9,1,XS
2631,33.45,45.2,48.75,34.95,25.6,1,XS
2632,33.0,48.0,48.85,40.75,28.55,0,L
2633,33.75,47.4,50.1,41.1,29.05,0,L
2634,37.1,50.0,50.7,45.35,28.95,2,XL
2636,34.2,48.55,45.95,39.85,29.6,4,S
2637,31.9,44.95,46.95,38.2,26.0,4,S
2638,31.15,45.5,50.5,40.75,27.05,4,S
2639,34.6,44.15,47.95,38.85,25.2,4,S
2640,34.6,49.3,49.0,44.6,29.1,2,XL
2641,33.5,47.05,49.5,34.5,28.05,3,M
2642,32.0,41.1,47.45,32.25,24.3,1,XS
2643,35.15,46.95,49.85,39.2,27.8,0,L
2644,35.75,53.25,51.15,48.05,31.1,2,XL
2646,33.65,45.7,48.85,34.35,26.15,3,M
2647,35.0,47.65,48.5,39.55,28.1,0,L
2648,30.75,44.15,49.0,36.3,26.45,1,XS
2649,32.1,44.8,48.7,34.7,27.6,3,M
2650,30.25,42.95,47.05,32.1,24.6,1,XS
2651,34.25,46.8,48.75,39.4,27.0,4,S
2652,34.25,46.95,48.85,39.85,28.65,0,L
2653,33.0,42.8,49.15,31.15,23.75,1,XS
2655,34.4,46.05,51.35,33.45,27.0,3,M
2656,33.95,46.75,51.45,35.95,26.45,3,M
2657,32.75,41.75,45.75,39.85,23.9,4,S
2658,33.05,46.8,52.6,39.3,26.7,3,M
2659,33.25,44.75,51.1,35.3,26.2,3,M
2660,35.4,50.35,47.95,42.6,28.65,2,XL
2662,36.15,51.5,46.55,41.85,31.15,2,XL
2663,32.35,45.0,51.05,34.2,24.9,1,XS
2664,32.9,45.0,49.25,35.6,24.35,1,XS
2665,33.7,46.6,50.55,35.45,26.6,3,M
2666,34.65,52.15,52.1,45.85,31.95,2,XL
2667,33.5,45.8,51.25,42.25,27.65,4,S
2668,33.25,45.55,50.0,38.6,27.95,3,M
2669,31.35,44.3,45.95,34.95,24.5,1,XS
2670,32.2,44.75,50.8,34.85,25.45,1,XS
2671,33.9,48.2,49.05,43.85,27.8,2,XL
2672,34.2,49.05,48.35,38.35,30.05,0,L
2673,36.1,50.7,51.15,38.45,28.5,0,L
2674,31.35,43.9,47.25,31.65,26.6,1,XS
2675,33.65,45.2,49.95,36.25,27.0,3,M
2677,35.5,48.2,47.55,47.45,28.75,2,XL
2678,34.2,46.45,49.2,40.25,27.45,4,S
2679,33.7,46.85,48.4,38.6,26.35,4,S
2680,33.95,44.95,46.55,38.15,27.75,4,S
2681,32.5,44.35,48.2,34.45,27.55,1,XS
2682,35.0,47.05,49.4,36.6,28.4,3,M
2683,34.0,47.1,48.15,37.65,27.55,3,M
2684,36.0,48.75,45.75,46.45,29.5,2,XL
2685,33.25,44.65,48.2,32.75,25.7,1,XS
2686,31.5,40.6,50.35,34.55,22.3,1,XS
2687,35.7,53.05,48.9,45.65,32.7,2,XL
2688,33.65,47.65,48.1,38.0,27.65,3,M
2689,30.8,41.8,48.55,32.85,22.35,1,XS
2690,35.8,47.4,52.5,35.85,27.7,3,M
2691,32.2,43.6,48.25,34.65,25.35,1,XS
2692,31.2,47.05,49.2,37.7,29.0,3,M
2693,34.75,46.55,48.85,40.4,27.25,4,S
2694,32.25,43.2,54.05,34.95,24.8,1,XS
2695,34.85,49.0,52.85,36.6,28.75,3,M
2696,35.0,50.7,46.85,48.0,28.3,2,XL
2697,35.15,48.0,47.4,40.4,28.9,0,L
2698,34.9,44.75,49.1,35.35,26.8,3,M
2699,32.6,42.9,48.5,35.9,24.95,1,XS
2700,34.25,46.95,49.75,33.55,27.35,3,M
2701,31.6,46.6,47.9,39.1,28.5,4,S
2702,33.75,48.5,47.75,39.4,28.35,0,L
2703,32.4,48.15,49.95,39.5,25.2,4,S
2704,35.5,49.9,48.65,44.05,26.25,2,XL
2705,35.25,49.75,49.95,38.85,30.35,0,L
2706,34.2,47.2,48.5,45.3,27.1,2,XL
2707,34.0,46.3,49.25,43.0,24.9,4,S
2708,36.9,48.25,49.85,45.75,26.6,2,XL
2709,36.05,49.1,54.6,36.85,28.85,0,L
2710,33.45,47.35,48.5,40.5,29.2,4,S
2712,32.5,44.3,45.5,42.25,24.35,4,S
2714,33.0,43.4,47.1,32.5,26.15,1,XS
2715,32.5,44.55,48.45,36.0,25.15,1,XS
2716,34.0,47.7,48.05,43.6,27.7,4,S
2717,37.5,50.65,48.65,48.55,29.15,2,XL
2718,31.75,45.0,49.65,33.25,25.85,1,XS
2719,37.75,52.4,52.65,42.75,32.7,2,XL
2720,32.75,46.65,50.65,34.4,28.2,3,M
2721,34.9,51.75,50.25,39.0,29.6,0,L
2722,34.25,49.35,44.95,44.2,28.5,2,XL
2725,32.55,45.3,47.85,39.35,27.0,4,S
2726,32.7,46.8,49.55,34.1,28.45,3,M
2727,33.15,46.6,48.65,43.05,28.1,4,S
2728,30.75,42.8,48.7,33.95,24.0,1,XS
2729,34.75,49.1,48.85,43.5,28.4,2,XL
2730,32.95,46.5,47.9,37.5,25.25,3,M
2731,32.75,46.8,49.8,43.5,28.45,4,S
2732,33.75,43.85,50.05,33.0,25.0,1,XS
2733,31.75,43.5,46.9,32.4,26.65,1,XS
2734,31.05,46.65,48.25,43.65,26.0,4,S
2735,32.45,44.9,48.05,41.15,25.45,4,S
2736,33.75,47.65,50.7,37.9,28.2,3,M
2737,34.15,49.85,49.75,41.9,30.55,0,L
2738,34.4,48.45,52.3,36.4,28.3,3,M
2739,32.65,45.75,49.8,32.25,26.0,1,XS
2740,32.65,45.75,51.55,31.95,26.55,1,XS
2741,33.0,48.15,46.3,47.2,27.9,2,XL
2742,31.45,45.5,44.75,41.4,26.25,4,S
2743,34.25,51.0,50.25,39.3,28.95,0,L
2744,34.25,47.25,52.05,40.0,26.5,0,L
2745,33.45,48.95,48.85,42.3,29.75,0,L
2746,35.75,50.25,50.35,46.8,29.05,2,XL
2747,32.2,44.9,48.95,35.95,25.2,1,XS
2748,31.75,47.3,45.85,41.45,27.25,4,S
2749,32.7,44.0,50.35,33.9,26.35,1,XS
2750,33.2,45.6,49.4,32.9,25.0,1,XS
2751,34.5,48.25,44.9,43.35,27.75,4,S
2752,31.0,44.35,50.7,33.0,26.1,1,XS
2754,35.5,46.75,50.25,42.65,25.5,4,S
2755,37.5,50.8,49.0,41.75,32.0,0,L
2756,32.1,45.5,49.7,35.5,26.25,3,M
2757,34.5,48.25,50.45,37.7,29.0,0,L
2758,34.0,45.4,49.65,39.75,28.35,4,S
2759,36.5,48.45,49.5,46.25,29.4,2,XL
2760,34.15,46.25,48.55,39.65,27.25,4,S
2761,35.5,47.5,46.75,39.0,27.7,4,S
2762,31.25,46.7,49.35,35.4,27.5,3,M
2763,33.25,44.15,50.2,31.15,27.45,1,XS
2764,35.15,52.15,47.95,41.65,29.6,0,L
2766,33.0,47.7,50.1,34.2,29.85,3,M
2767,35.9,50.25,52.7,41.55,30.85,0,L
2768,33.65,46.1,49.15,35.95,28.95,3,M
2769,29.4,43.35,47.65,33.95,24.7,1,XS
2770,34.5,52.95,50.2,41.45,32.2,0,L
2771,34.0,49.4,51.55,37.7,31.5,0,L
2772,33.5,47.6,46.75,42.95,28.6,4,S
